Rk,Player,Pos,Squad,Age,Born,MP,Starts,Min,90s,Gls,Ast,G+A,G-PK,PK,PKatt,CrdY,CrdR,xG,npxG,xAG,npxG+xAG,PrgC,PrgP,PrgR,GlsPer90,AstPer90,G+APer90,G-PKPer90,G+A-PKPer90,xGPer90,xAGPer90,xG+xAGPer90,npxGPer90,npxG+xAGPer90
1,Brenden Aaronson,"MF,FW",Leeds United,21,2000,36,28,2372,26.4,1,3,4,1,0,0,2,0,3.9,3.9,4.2,8.1,43,86,151,0.04,0.11,0.15,0.04,0.15,0.15,0.16,0.31,0.15,0.31
2,George Abbott,MF,Tottenham,16,2005,1,0,1,0,0,0,0,0,0,0,0,0,0,0,0,0,0,0,0,0,0,0,0,0,0,0,0,0,0
3,Che Adams,FW,Southampton,26,1996,28,23,1992,22.1,5,3,8,5,0,0,1,0,6.6,6.6,2.8,9.4,17,34,115,0.23,0.14,0.36,0.23,0.36,0.3,0.13,0.42,0.3,0.42
4,Tyler Adams,MF,Leeds United,23,1999,24,24,2156,24,0,0,0,0,0,0,6,1,0.1,0.1,1.4,1.5,19,136,20,0,0,0,0,0,0,0.06,0.06,0,0.06
5,Tosin Adarabioyo,DF,Fulham,24,1997,25,23,2085,23.2,1,0,1,1,0,0,4,0,0.7,0.7,0.4,1.1,16,95,3,0.04,0,0.04,0.04,0.04,0.03,0.02,0.05,0.03,0.05
6,Nayef Aguerd,DF,West Ham,26,1996,18,17,1595,17.7,2,0,2,2,0,0,4,0,2.2,2.2,0.5,2.7,2,25,4,0.11,0,0.11,0.11,0.11,0.13,0.03,0.15,0.13,0.15
7,Naouirou Ahamada,"MF,FW",Crystal Palace,20,2002,8,0,94,1,0,0,0,0,0,0,1,0,0.2,0.2,0.1,0.2,1,2,11,0,0,0,0,0,0.15,0.07,0.22,0.15,0.22
8,Rayan Aït Nouri,DF,Wolves,21,2001,21,9,1076,12,1,0,1,1,0,0,4,0,0.7,0.7,1,1.7,30,43,76,0.08,0,0.08,0.08,0.08,0.06,0.08,0.14,0.06,0.14
9,Kristoffer Ajer,DF,Brentford,24,1998,9,9,763,8.5,0,0,0,0,0,0,0,0,0,0,0,0.1,10,31,12,0,0,0,0,0,0,0,0.01,0,0.01
10,Manuel Akanji,DF,Manchester City,27,1995,29,24,2287,25.4,0,1,1,0,0,0,2,0,1.3,1.3,0.4,1.7,24,116,17,0,0.04,0.04,0,0.04,0.05,0.02,0.07,0.05,0.07
11,Nathan Aké,DF,Manchester City,27,1995,26,22,1873,20.8,1,0,1,1,0,0,2,0,1.6,1.6,0.7,2.3,25,140,30,0.05,0,0.05,0.05,0.05,0.07,0.04,0.11,0.07,0.11
12,Marc Albrighton,"FW,MF",Leicester City,32,1989,6,1,237,2.6,1,0,1,1,0,0,0,0,0.3,0.3,0.9,1.3,4,7,18,0.38,0,0.38,0.38,0.38,0.13,0.34,0.48,0.13,0.48
13,Thiago Alcántara,MF,Liverpool,31,1991,18,14,1254,13.9,0,0,0,0,0,0,2,0,0.4,0.4,1.1,1.5,13,120,24,0,0,0,0,0,0.03,0.08,0.11,0.03,0.11
14,Carlos Alcaraz,"MF,FW",Southampton,19,2002,18,13,1029,11.4,4,2,6,4,0,0,3,0,1.9,1.9,0.7,2.6,20,28,32,0.35,0.17,0.52,0.35,0.52,0.17,0.06,0.23,0.17,0.23
15,Trent Alexander-Arnold,DF,Liverpool,23,1998,37,34,2923,32.5,2,9,11,2,0,0,5,0,2.4,2.4,11.5,13.8,43,235,139,0.06,0.28,0.34,0.06,0.34,0.07,0.35,0.43,0.07,0.43
16,Alisson,GK,Liverpool,29,1992,37,37,3330,37,0,1,1,0,0,0,1,0,0,0,0.3,0.3,0,3,0,0,0.03,0.03,0,0.03,0,0.01,0.01,0,0.01
17,Dele Alli,MF,Everton,26,1996,2,0,40,0.4,0,0,0,0,0,0,0,0,0,0,0,0,0,1,1,0,0,0,0,0,0,0,0,0,0
18,Miguel Almirón,FW,Newcastle Utd,28,1994,34,29,2491,27.7,11,2,13,11,0,0,2,0,8,8,3.2,11.1,77,124,264,0.4,0.07,0.47,0.4,0.47,0.29,0.11,0.4,0.29,0.4
19,Julián Álvarez,"FW,MF",Manchester City,22,2000,31,13,1465,16.3,9,0,9,8,1,1,0,0,7,6.2,1.8,8,38,37,99,0.55,0,0.55,0.49,0.49,0.43,0.11,0.54,0.38,0.49
20,Daniel Amartey,DF,Leicester City,27,1994,20,18,1610,17.9,0,0,0,0,0,0,1,0,1.1,1.1,0.5,1.6,23,66,5,0,0,0,0,0,0.06,0.03,0.09,0.06,0.09
21,Samuel Amo-Ameyaw,MF,Southampton,16,2006,1,0,4,0,0,0,0,0,0,0,0,0,0,0,0,0,2,1,0,0,0,0,0,0,0,0.86,0.86,0,0.86
22,Joachim Andersen,DF,Crystal Palace,26,1996,32,32,2782,30.9,1,0,1,1,0,0,8,0,1.8,1.8,1.3,3.1,16,105,7,0.03,0,0.03,0.03,0.03,0.06,0.04,0.1,0.06,0.1
23,Elliot Anderson,"MF,FW",Newcastle Utd,19,2002,22,3,410,4.6,0,1,1,0,0,0,0,0,1,1,1.3,2.3,23,24,35,0,0.22,0.22,0,0.22,0.22,0.28,0.51,0.22,0.51
24,Jaidon Anthony,"MF,FW",Bournemouth,22,1999,30,11,1257,14,3,1,4,3,0,0,2,0,2.2,2.2,1,3.3,31,49,72,0.21,0.07,0.29,0.21,0.29,0.16,0.07,0.24,0.16,0.24
25,Michail Antonio,FW,West Ham,32,1990,33,21,1829,20.3,5,3,8,5,0,0,2,0,6.6,6.6,1.3,7.8,49,27,120,0.25,0.15,0.39,0.25,0.39,0.32,0.06,0.38,0.32,0.38
26,Antony,FW,Manchester Utd,22,2000,25,23,1802,20,4,2,6,4,0,0,5,0,6.6,6.6,2.9,9.4,95,74,168,0.2,0.1,0.3,0.2,0.3,0.33,0.14,0.47,0.33,0.47
27,Cameron Archer,"FW,MF",Aston Villa,21,2001,6,0,49,0.5,0,0,0,0,0,0,0,0,0,0,0,0,3,0,3,0,0,0,0,0,0,0,0,0,0
28,Alphonse Areola,GK,West Ham,29,1993,5,2,309,3.4,0,0,0,0,0,0,0,0,0,0,0,0,0,0,0,0,0,0,0,0,0,0,0,0,0
29,Joe Aribo,"MF,FW",Southampton,26,1996,21,13,1224,13.6,2,0,2,2,0,0,2,0,1.5,1.5,0.8,2.3,19,39,64,0.15,0,0.15,0.15,0.15,0.11,0.06,0.17,0.11,0.17
30,Adam Armstrong,"FW,MF",Southampton,25,1997,30,14,1335,14.8,2,1,3,2,0,0,2,0,2.1,2.1,1.3,3.3,39,16,70,0.13,0.07,0.2,0.13,0.2,0.14,0.09,0.23,0.14,0.23
31,Stuart Armstrong,"MF,FW",Southampton,30,1992,32,14,1408,15.6,2,1,3,2,0,0,6,0,2.4,2.4,2.2,4.7,61,75,88,0.13,0.06,0.19,0.13,0.19,0.15,0.14,0.3,0.15,0.3
32,Kepa Arrizabalaga,GK,Chelsea,27,1994,29,29,2565,28.5,0,0,0,0,0,0,1,0,0,0,0,0,0,0,0,0,0,0,0,0,0,0,0,0,0
33,Pierre-Emerick Aubameyang,FW,Chelsea,33,1989,15,5,554,6.2,1,0,1,1,0,0,1,0,1.5,1.5,0.4,1.9,9,3,29,0.16,0,0.16,0.16,0.16,0.24,0.07,0.3,0.24,0.3
34,Ludwig Augustinsson,DF,Aston Villa,28,1994,3,1,77,0.9,0,0,0,0,0,0,1,0,0.1,0.1,0,0.1,0,0,3,0,0,0,0,0,0.1,0,0.1,0.1,0.1
35,Serge Aurier,DF,Nott'ham Forest,29,1992,24,22,1943,21.6,1,0,1,1,0,0,2,0,0.8,0.8,1,1.8,37,71,50,0.05,0,0.05,0.05,0.05,0.04,0.05,0.08,0.04,0.08
36,Taiwo Awoniyi,FW,Nott'ham Forest,24,1997,27,17,1404,15.6,10,1,11,10,0,0,2,0,6.6,6.6,1.1,7.7,18,12,55,0.64,0.06,0.71,0.64,0.71,0.42,0.07,0.49,0.42,0.49
37,Yasin Ayari,MF,Brighton,18,2003,3,1,67,0.7,0,0,0,0,0,0,0,0,0,0,0.1,0.2,0,2,2,0,0,0,0,0,0.03,0.18,0.21,0.03,0.21
38,André Ayew,"FW,MF",Nott'ham Forest,32,1989,13,1,316,3.5,0,0,0,0,0,1,1,0,1,0.3,0,0.3,3,11,16,0,0,0,0,0,0.3,0.01,0.31,0.07,0.08
39,Jordan Ayew,"FW,MF",Crystal Palace,30,1991,38,31,2714,30.2,4,3,7,4,0,0,5,0,3.2,3.2,3.2,6.4,83,63,174,0.13,0.1,0.23,0.13,0.23,0.1,0.11,0.21,0.1,0.21
40,Luke Ayling,DF,Leeds United,30,1991,29,22,2054,22.8,2,1,3,2,0,0,3,0,3.2,3.2,2,5.2,28,77,100,0.09,0.04,0.13,0.09,0.13,0.14,0.09,0.23,0.14,0.23
41,César Azpilicueta,DF,Chelsea,32,1989,25,16,1527,17,0,0,0,0,0,0,3,0,0.4,0.4,1.1,1.5,23,71,81,0,0,0,0,0,0.02,0.07,0.09,0.02,0.09
42,Benoît Badiashile,DF,Chelsea,21,2001,11,10,905,10.1,1,0,1,1,0,0,2,0,1.2,1.2,0.5,1.6,11,56,2,0.1,0,0.1,0.1,0.1,0.12,0.05,0.16,0.12,0.16
43,Leon Bailey,"FW,MF",Aston Villa,24,1997,33,26,1967,21.9,4,4,8,4,0,0,4,0,5.3,5.3,4.8,10.1,85,28,182,0.18,0.18,0.37,0.18,0.37,0.24,0.22,0.46,0.24,0.46
44,Stefan Bajcetic,MF,Liverpool,17,2004,11,6,526,5.8,1,0,1,1,0,0,2,0,0.8,0.8,0.4,1.2,10,24,1,0.17,0,0.17,0.17,0.17,0.13,0.06,0.2,0.13,0.2
45,Dominic Ballard,"FW,MF",Southampton,17,2005,2,0,26,0.3,0,0,0,0,0,0,0,0,0,0,0,0,1,0,1,0,0,0,0,0,0,0,0,0,0
46,Patrick Bamford,FW,Leeds United,28,1993,28,18,1515,16.8,4,2,6,4,0,2,3,0,8.6,7,1,8,17,23,96,0.24,0.12,0.36,0.24,0.36,0.51,0.06,0.57,0.42,0.47
47,Shandon Baptiste,MF,Brentford,24,1998,23,4,618,6.9,0,1,1,0,0,0,3,1,0.4,0.4,1.1,1.4,8,39,23,0,0.15,0.15,0,0.15,0.05,0.16,0.21,0.05,0.21
48,Harvey Barnes,"FW,MF",Leicester City,24,1997,34,32,2711,30.1,13,1,14,13,0,0,3,0,8.9,8.9,3.1,12,100,79,257,0.43,0.03,0.46,0.43,0.46,0.3,0.1,0.4,0.3,0.4
49,Gavin Bazunu,GK,Southampton,20,2002,32,32,2880,32,0,0,0,0,0,0,0,0,0,0,0.1,0.1,0,1,0,0,0,0,0,0,0,0,0,0,0
50,Mads Bech Sørensen,"DF,MF",Brentford,23,1999,4,0,21,0.2,0,0,0,0,0,0,0,0,0,0,0,0,0,1,0,0,0,0,0,0,0,0,0,0,0
51,Jan Bednarek,DF,Southampton,26,1996,20,20,1672,18.6,0,0,0,0,0,0,5,0,0.4,0.4,0.1,0.5,8,45,2,0,0,0,0,0,0.02,0.01,0.03,0.02,0.03
52,Jan Bednarek,DF,Aston Villa,26,1996,3,1,100,1.1,0,0,0,0,0,0,0,0,0,0,0,0,1,5,0,0,0,0,0,0,0,0,0,0,0
53,Donny van de Beek,MF,Manchester Utd,25,1997,7,2,167,1.9,0,0,0,0,0,0,0,0,0.1,0.1,0.1,0.2,2,6,20,0,0,0,0,0,0.05,0.06,0.11,0.05,0.11
54,Asmir Begović,GK,Everton,35,1987,1,1,90,1,0,0,0,0,0,0,0,0,0,0,0,0,0,0,0,0,0,0,0,0,0,0,0,0,0
55,Armel Bella Kotchap,DF,Southampton,20,2001,24,24,1879,20.9,0,2,2,0,0,0,4,0,1,1,1,2.1,9,39,2,0,0.1,0.1,0,0.1,0.05,0.05,0.1,0.05,0.1
56,Saïd Benrahma,"FW,MF",West Ham,26,1995,35,22,2069,23,6,3,9,2,4,4,0,0,7,3.9,4.5,8.4,109,82,237,0.26,0.13,0.39,0.09,0.22,0.31,0.2,0.5,0.17,0.36
57,Rodrigo Bentancur,MF,Tottenham,25,1997,18,17,1500,16.7,5,2,7,5,0,0,8,0,2.2,2.2,0.8,3.1,26,76,19,0.3,0.12,0.42,0.3,0.42,0.13,0.05,0.18,0.13,0.18
58,Daniel Bentley,GK,Wolves,29,1993,2,2,180,2,0,0,0,0,0,0,0,0,0,0,0,0,0,0,0,0,0,0,0,0,0,0,0,0,0
59,Victor Bernth Kristiansen,DF,Leicester City,19,2002,12,11,892,9.9,0,1,1,0,0,0,2,0,0.1,0.1,0.8,0.9,17,31,24,0,0.1,0.1,0,0.1,0.01,0.08,0.1,0.01,0.1
60,Owen Bevan,DF,Bournemouth,18,2003,1,0,9,0.1,0,0,0,0,0,0,0,0,0,0,0,0,0,0,0,0,0,0,0,0,0,0,0,0,0
61,Giulian Biancone,DF,Nott'ham Forest,22,2000,2,0,17,0.2,0,0,0,0,0,0,0,0,0,0,0,0,2,0,1,0,0,0,0,0,0,0,0,0,0
62,Philip Billing,"MF,FW",Bournemouth,26,1996,36,34,2764,30.7,7,1,8,7,0,0,5,0,4.9,4.9,3.2,8.1,37,80,101,0.23,0.03,0.26,0.23,0.26,0.16,0.1,0.26,0.16,0.26
63,Yves Bissouma,MF,Tottenham,25,1996,23,10,1010,11.2,0,0,0,0,0,0,6,0,0.2,0.2,0.5,0.7,14,62,10,0,0,0,0,0,0.02,0.05,0.06,0.02,0.06
64,Willy Boly,DF,Nott'ham Forest,31,1991,11,9,685,7.6,0,1,1,0,0,0,2,0,0,0,0.2,0.2,1,12,0,0,0.13,0.13,0,0.13,0.01,0.03,0.03,0.01,0.03
65,Sven Botman,DF,Newcastle Utd,22,2000,36,35,3127,34.7,0,0,0,0,0,0,2,0,2.5,2.5,1,3.5,8,87,5,0,0,0,0,0,0.07,0.03,0.1,0.07,0.1
66,Jarrod Bowen,"FW,MF",West Ham,25,1996,38,36,3233,35.9,6,5,11,5,1,2,2,0,8.9,7.8,7.4,15.2,102,72,213,0.17,0.14,0.31,0.14,0.28,0.25,0.2,0.45,0.22,0.42
67,James Bree,DF,Southampton,24,1997,5,4,367,4.1,0,0,0,0,0,0,1,0,0,0,0.2,0.3,4,5,12,0,0,0,0,0,0.01,0.06,0.06,0.01,0.06
68,Armando Broja,FW,Chelsea,20,2001,12,2,294,3.3,1,0,1,1,0,0,0,0,0.8,0.8,0.1,0.9,8,4,17,0.31,0,0.31,0.31,0.31,0.26,0.02,0.27,0.26,0.27
69,David Brooks,"FW,MF",Bournemouth,25,1997,6,2,173,1.9,0,0,0,0,0,0,1,0,0.3,0.3,0.2,0.5,5,11,10,0,0,0,0,0,0.13,0.11,0.25,0.13,0.25
70,Lewis Brunt,DF,Leicester City,21,2000,1,0,23,0.3,0,0,0,0,0,0,0,0,0,0,0,0,0,0,2,0,0,0,0,0,0,0,0,0,0
71,Bryan,"MF,FW",Tottenham,21,2001,4,2,148,1.6,0,1,1,0,0,0,1,0,0.1,0.1,0.2,0.3,4,5,15,0,0.61,0.61,0,0.61,0.06,0.11,0.17,0.06,0.17
72,Emi Buendía,"MF,FW",Aston Villa,25,1996,38,27,2412,26.8,5,2,7,5,0,0,0,0,6.3,6.3,5.7,12,60,138,137,0.19,0.07,0.26,0.19,0.26,0.24,0.21,0.45,0.24,0.45
73,Hugo Bueno,DF,Wolves,19,2002,21,16,1310,14.6,0,1,1,0,0,0,1,0,0.2,0.2,1.3,1.5,52,39,64,0,0.07,0.07,0,0.07,0.01,0.09,0.1,0.01,0.1
74,Facundo Buonanotte,"FW,MF",Brighton,17,2004,13,6,565,6.3,1,1,2,1,0,0,2,0,1.4,1.4,0.5,1.9,9,13,42,0.16,0.16,0.32,0.16,0.32,0.22,0.09,0.31,0.22,0.31
75,Dan Burn,DF,Newcastle Utd,30,1992,38,35,3111,34.6,1,0,1,1,0,0,5,0,2.1,2.1,1.3,3.4,29,118,46,0.03,0,0.03,0.03,0.03,0.06,0.04,0.1,0.06,0.1
76,Cafú,MF,Nott'ham Forest,29,1993,1,0,7,0.1,0,0,0,0,0,0,0,0,0,0,0,0,0,1,0,0,0,0,0,0,0,0,0,0,0
77,Moisés Caicedo,MF,Brighton,20,2001,37,34,3139,34.9,1,1,2,1,0,0,10,0,1.7,1.7,2.7,4.3,38,219,61,0.03,0.03,0.06,0.03,0.06,0.05,0.08,0.12,0.05,0.12
78,Tom Cairney,MF,Fulham,31,1991,33,6,988,11,2,0,2,2,0,0,2,0,1.5,1.5,1.4,2.9,34,92,57,0.18,0,0.18,0.18,0.18,0.13,0.13,0.26,0.13,0.26
79,Duje Ćaleta-Car,DF,Southampton,25,1996,13,9,946,10.5,1,0,1,1,0,0,2,0,0.8,0.8,0,0.8,5,33,0,0.1,0,0.1,0.1,0.1,0.08,0,0.08,0.08,0.08
80,Dominic Calvert-Lewin,FW,Everton,25,1997,17,15,1165,12.9,2,1,3,1,1,1,3,0,5.8,5,0.8,5.9,18,15,56,0.15,0.08,0.23,0.08,0.15,0.45,0.06,0.51,0.39,0.45
81,Chem Campbell,"FW,MF",Wolves,19,2002,5,0,74,0.8,0,0,0,0,0,0,0,0,0.1,0.1,0,0.1,2,4,10,0,0,0,0,0,0.12,0,0.12,0.12,0.12
82,João Cancelo,DF,Manchester City,28,1994,17,16,1274,14.2,2,1,3,2,0,0,3,1,0.8,0.8,0.9,1.7,72,106,125,0.14,0.07,0.21,0.14,0.21,0.06,0.06,0.12,0.06,0.12
83,Thomas Cannon,FW,Everton,19,2002,2,0,25,0.3,0,0,0,0,0,0,0,0,0.1,0.1,0.5,0.6,1,0,2,0,0,0,0,0,0.32,1.95,2.27,0.32,2.27
84,Sergi Canós,"FW,DF",Brentford,25,1997,5,0,77,0.9,0,0,0,0,0,0,0,0,0.1,0.1,0,0.1,4,2,7,0,0,0,0,0,0.09,0.03,0.11,0.09,0.11
85,Diego Carlos,DF,Aston Villa,29,1993,3,2,205,2.3,0,0,0,0,0,0,0,0,0.4,0.4,0,0.4,1,11,0,0,0,0,0,0,0.16,0.02,0.18,0.16,0.18
86,Fabio Carvalho,"MF,FW",Liverpool,19,2002,13,4,347,3.9,2,0,2,2,0,0,0,0,1.1,1.1,0.1,1.2,9,12,26,0.52,0,0.52,0.52,0.52,0.29,0.03,0.31,0.29,0.31
87,Casemiro,MF,Manchester Utd,30,1992,28,24,2124,23.6,4,3,7,4,0,0,7,2,3.4,3.4,3.1,6.5,14,152,34,0.17,0.13,0.3,0.17,0.3,0.14,0.13,0.28,0.14,0.28
88,Matty Cash,DF,Aston Villa,24,1997,26,20,1820,20.2,0,1,1,0,0,0,4,0,0.2,0.2,0.7,0.9,42,75,57,0,0.05,0.05,0,0.05,0.01,0.04,0.05,0.01,0.05
89,Timothy Castagne,DF,Leicester City,26,1995,37,36,3254,36.2,2,3,5,2,0,0,3,0,2.2,2.2,2.6,4.8,39,106,149,0.06,0.08,0.14,0.06,0.14,0.06,0.07,0.13,0.06,0.13
90,Jonny Castro,DF,Wolves,28,1994,18,14,1261,14,1,0,1,1,0,0,3,1,0.3,0.3,1,1.3,24,70,46,0.07,0,0.07,0.07,0.07,0.02,0.07,0.1,0.02,0.1
91,Julio César Enciso,"FW,MF",Brighton,18,2004,20,7,806,9,4,2,6,4,0,0,1,0,4,4,1.7,5.7,39,31,74,0.45,0.22,0.67,0.45,0.67,0.45,0.19,0.64,0.45,0.64
92,Nathaniel Chalobah,MF,Fulham,27,1994,4,1,12,0.1,0,0,0,0,0,0,0,1,0.1,0.1,0,0.1,0,0,0,0,0,0,0,0,0.71,0,0.71,0.71,0.71
93,Trevoh Chalobah,DF,Chelsea,23,1999,25,18,1608,17.9,0,0,0,0,0,0,4,0,0.9,0.9,0.3,1.2,17,71,27,0,0,0,0,0,0.05,0.02,0.06,0.05,0.06
94,Calum Chambers,"DF,MF",Aston Villa,27,1995,14,2,353,3.9,0,0,0,0,0,0,2,0,0.1,0.1,0.3,0.4,6,16,2,0,0,0,0,0,0.03,0.07,0.1,0.03,0.1
95,Shea Charles,DF,Manchester City,18,2003,1,0,28,0.3,0,0,0,0,0,0,0,0,0,0,0,0,1,1,0,0,0,0,0,0,0,0,0,0,0
96,Ben Chilwell,"DF,MF",Chelsea,25,1996,23,15,1408,15.6,2,2,4,2,0,0,3,0,1.4,1.4,2.2,3.7,43,41,131,0.13,0.13,0.26,0.13,0.26,0.09,0.14,0.23,0.09,0.23
97,Ryan Christie,"MF,FW",Bournemouth,27,1995,32,22,1834,20.4,1,1,2,1,0,0,2,0,2.8,2.8,2.4,5.1,39,71,71,0.05,0.05,0.1,0.05,0.1,0.14,0.12,0.25,0.14,0.25
98,Carney Chukwuemeka,"MF,FW",Chelsea,18,2003,14,2,354,3.9,0,0,0,0,0,0,0,0,0.4,0.4,0.6,1,21,23,21,0,0,0,0,0,0.09,0.16,0.25,0.09,0.25
99,Bobby Clark,MF,Liverpool,17,2005,1,0,8,0.1,0,0,0,0,0,0,0,0,0,0,0,0,0,1,2,0,0,0,0,0,0,0,0,0,0
100,Nathaniel Clyne,DF,Crystal Palace,31,1991,22,19,1640,18.2,0,0,0,0,0,0,3,0,0,0,0.7,0.7,14,52,29,0,0,0,0,0,0,0.04,0.04,0,0.04
101,Conor Coady,DF,Everton,29,1993,24,23,2096,23.3,1,1,2,1,0,0,2,0,0.8,0.8,0.3,1.2,4,43,1,0.04,0.04,0.09,0.04,0.09,0.04,0.01,0.05,0.04,0.05
102,Jack Colback,MF,Nott'ham Forest,32,1989,11,4,497,5.5,0,0,0,0,0,0,0,0,0,0,0.2,0.2,5,16,3,0,0,0,0,0,0,0.03,0.03,0,0.03
103,Séamus Coleman,DF,Everton,33,1988,23,20,1656,18.4,1,0,1,1,0,0,1,0,0.4,0.4,0.9,1.2,13,61,37,0.05,0,0.05,0.05,0.05,0.02,0.05,0.07,0.02,0.07
104,Nathan Collins,DF,Wolves,21,2001,26,19,1814,20.2,0,0,0,0,0,0,2,1,0.2,0.2,0.1,0.3,11,64,5,0,0,0,0,0,0.01,0,0.02,0.01,0.02
105,Levi Colwill,DF,Brighton,19,2003,17,13,1220,13.6,0,2,2,0,0,0,1,0,1.4,1.4,0.5,1.9,16,70,3,0,0.15,0.15,0,0.15,0.1,0.04,0.14,0.1,0.14
106,Lewis Cook,MF,Bournemouth,25,1997,28,18,1720,19.1,0,2,2,0,0,0,4,0,0.2,0.2,2.5,2.8,9,63,10,0,0.1,0.1,0,0.1,0.01,0.13,0.14,0.01,0.14
107,Steve Cook,DF,Nott'ham Forest,31,1991,12,11,957,10.6,0,0,0,0,0,0,4,0,0.1,0.1,0.6,0.7,1,19,0,0,0,0,0,0,0.01,0.05,0.07,0.01,0.07
108,Liam Cooper,DF,Leeds United,30,1991,18,16,1426,15.8,1,0,1,1,0,0,5,0,1,1,0.7,1.7,3,47,2,0.06,0,0.06,0.06,0.06,0.06,0.05,0.11,0.06,0.11
109,Maxwel Cornet,FW,West Ham,25,1996,14,2,245,2.7,0,0,0,0,0,0,0,0,1.3,1.3,0.1,1.3,9,5,26,0,0,0,0,0,0.47,0.02,0.49,0.47,0.49
110,Diego Costa,FW,Wolves,33,1988,23,16,1241,13.8,1,0,1,1,0,0,5,1,3.2,3.2,0.7,3.9,19,13,60,0.07,0,0.07,0.07,0.07,0.23,0.05,0.28,0.23,0.28
111,Vladimír Coufal,DF,West Ham,29,1992,27,24,2136,23.7,0,1,1,0,0,0,5,0,0.3,0.3,2.5,2.7,53,82,109,0,0.04,0.04,0,0.04,0.01,0.1,0.11,0.01,0.11
112,Philippe Coutinho,"MF,FW",Aston Villa,30,1992,20,7,788,8.8,1,0,1,1,0,0,3,0,1.4,1.4,0.5,1.8,18,48,68,0.11,0,0.11,0.11,0.11,0.16,0.05,0.21,0.16,0.21
113,Conor Coventry,"MF,FW",West Ham,22,2000,1,0,1,0,0,0,0,0,0,0,0,0,0,0,0,0,0,0,0,0,0,0,0,0,0,0,0,0,0
114,Matthew Craig,MF,Tottenham,19,2003,1,0,14,0.2,0,0,0,0,0,0,0,0,0,0,0,0,0,0,0,0,0,0,0,0,0,0,0,0,0
115,Aaron Cresswell,DF,West Ham,32,1989,28,24,2235,24.8,0,1,1,0,0,0,3,0,0.3,0.3,3.7,4,35,145,82,0,0.04,0.04,0,0.04,0.01,0.15,0.16,0.01,0.16
116,Marc Cucurella,DF,Chelsea,24,1998,24,21,1671,18.6,0,2,2,0,0,0,4,0,0.4,0.4,0.6,1,30,73,65,0,0.11,0.11,0,0.11,0.02,0.03,0.06,0.02,0.06
117,Matheus Cunha,FW,Wolves,23,1999,17,12,965,10.7,2,0,2,2,0,0,1,0,2,2,0.6,2.6,16,14,43,0.19,0,0.19,0.19,0.19,0.19,0.05,0.24,0.19,0.24
118,Patson Daka,FW,Leicester City,23,1998,30,13,1187,13.2,4,4,8,4,0,0,2,0,3.5,3.5,2.8,6.3,18,17,82,0.3,0.3,0.61,0.3,0.61,0.27,0.21,0.48,0.27,0.48
119,Diogo Dalot,DF,Manchester Utd,23,1999,26,24,2154,23.9,1,2,3,1,0,0,6,0,2.5,2.5,1.9,4.4,46,92,85,0.04,0.08,0.13,0.04,0.13,0.1,0.08,0.18,0.1,0.18
120,Mikkel Damsgaard,"MF,FW",Brentford,22,2000,26,9,988,11,0,0,0,0,0,0,4,0,2.6,2.6,1.4,4,9,44,45,0,0,0,0,0,0.24,0.13,0.36,0.24,0.36
121,Danilo,MF,Nott'ham Forest,21,2001,13,12,976,10.8,3,2,5,3,0,0,1,0,1.5,1.5,0.7,2.3,13,34,22,0.28,0.18,0.46,0.28,0.46,0.14,0.07,0.21,0.14,0.21
122,Arnaut Danjuma,"FW,MF",Tottenham,25,1997,9,1,169,1.9,1,0,1,1,0,0,0,0,0.8,0.8,0,0.8,5,2,19,0.53,0,0.53,0.53,0.53,0.41,0.02,0.43,0.41,0.43
123,Josh Dasilva,MF,Brentford,23,1998,36,14,1389,15.4,4,2,6,4,0,0,1,0,1.5,1.5,1.5,3,60,62,69,0.26,0.13,0.39,0.26,0.39,0.1,0.09,0.19,0.1,0.19
124,Ben Davies,DF,Tottenham,29,1993,31,26,2288,25.4,2,2,4,2,0,0,4,0,1,1,2.5,3.5,39,107,69,0.08,0.08,0.16,0.08,0.16,0.04,0.1,0.14,0.04,0.14
125,Tom Davies,MF,Everton,24,1998,19,4,538,6,0,0,0,0,0,0,3,0,1.2,1.2,0.2,1.3,2,30,13,0,0,0,0,0,0.19,0.03,0.22,0.19,0.22
126,Craig Dawson,DF,West Ham,32,1990,8,8,720,8,0,0,0,0,0,0,2,0,0.5,0.5,0.1,0.6,0,18,1,0,0,0,0,0,0.06,0.01,0.07,0.06,0.07
127,Craig Dawson,DF,Wolves,32,1990,17,17,1414,15.7,1,0,1,1,0,0,4,0,1,1,0,1,5,44,1,0.06,0,0.06,0.06,0.06,0.06,0,0.06,0.06,0.06
128,Kevin De Bruyne,MF,Manchester City,31,1991,32,28,2417,26.9,7,16,23,7,0,0,1,0,5.6,5.6,13.7,19.3,100,246,245,0.26,0.6,0.86,0.26,0.86,0.21,0.51,0.72,0.21,0.72
129,Siriki Dembélé,"FW,MF",Bournemouth,25,1996,6,0,110,1.2,0,0,0,0,0,0,0,0,0.2,0.2,0.3,0.5,5,4,11,0,0,0,0,0,0.15,0.25,0.41,0.15,0.41
130,Leander Dendoncker,MF,Aston Villa,27,1995,20,7,697,7.7,0,0,0,0,0,0,0,0,0.1,0.1,0.5,0.5,1,18,2,0,0,0,0,0,0.01,0.06,0.07,0.01,0.07
131,Leander Dendoncker,MF,Wolves,27,1995,4,2,214,2.4,0,0,0,0,0,0,0,0,0.7,0.7,0,0.7,1,6,3,0,0,0,0,0,0.27,0.02,0.29,0.27,0.29
132,Emmanuel Dennis,"FW,MF",Nott'ham Forest,24,1997,19,6,720,8,2,2,4,2,0,0,3,0,1.9,1.9,0.6,2.4,24,17,63,0.25,0.25,0.5,0.25,0.5,0.23,0.07,0.3,0.23,0.3
133,Halil Dervişoğlu,MF,Brentford,22,1999,1,0,8,0.1,0,0,0,0,0,0,0,0,0,0,0,0,0,0,0,0,0,0,0,0,0.31,0,0.31,0.31,0.31
134,Kiernan Dewsbury-Hall,MF,Leicester City,23,1998,31,28,2306,25.6,2,2,4,2,0,0,5,1,2.4,2.4,3.3,5.6,68,132,91,0.08,0.08,0.16,0.08,0.16,0.09,0.13,0.22,0.09,0.22
135,Ibrahima Diallo,MF,Southampton,23,1999,18,11,819,9.1,0,0,0,0,0,0,4,0,0.2,0.2,0.1,0.3,9,28,6,0,0,0,0,0,0.02,0.01,0.04,0.02,0.04
136,Rúben Dias,DF,Manchester City,25,1997,26,22,1998,22.2,0,0,0,0,0,0,3,0,1.3,1.3,0.6,1.9,14,98,2,0,0,0,0,0,0.06,0.03,0.09,0.06,0.09
137,Luis Díaz,FW,Liverpool,25,1997,17,11,996,11.1,4,2,6,4,0,0,2,0,2.5,2.5,1.5,4,39,49,116,0.36,0.18,0.54,0.36,0.54,0.22,0.14,0.36,0.22,0.36
138,Eric Dier,DF,Tottenham,28,1994,33,31,2818,31.3,2,1,3,2,0,0,3,0,1.6,1.6,1.2,2.8,9,87,14,0.06,0.03,0.1,0.06,0.1,0.05,0.04,0.09,0.05,0.09
139,Lucas Digne,DF,Aston Villa,29,1993,28,18,1502,16.7,1,0,1,1,0,0,5,0,0.4,0.4,1.9,2.3,29,57,89,0.06,0,0.06,0.06,0.06,0.02,0.11,0.14,0.02,0.14
140,Issa Diop,DF,Fulham,25,1997,25,21,2012,22.4,1,0,1,1,0,0,2,0,0.3,0.3,0.4,0.7,13,70,4,0.04,0,0.04,0.04,0.04,0.01,0.02,0.03,0.01,0.03
141,Moussa Djenepo,"DF,FW",Southampton,24,1998,16,7,710,7.9,0,2,2,0,0,0,1,0,0.2,0.2,0.5,0.7,27,19,39,0,0.25,0.25,0,0.25,0.02,0.06,0.09,0.02,0.09
142,Ben Doak,FW,Liverpool,16,2005,2,0,26,0.3,0,0,0,0,0,0,0,0,0,0,0,0,1,1,4,0,0,0,0,0,0,0,0,0,0
143,Matt Doherty,"DF,MF",Tottenham,30,1992,12,7,667,7.4,1,0,1,1,0,0,0,0,0.8,0.8,0.3,1,16,20,57,0.13,0,0.13,0.13,0.13,0.1,0.04,0.14,0.1,0.14
144,Gabriel Dos Santos,DF,Arsenal,24,1997,38,38,3409,37.9,3,0,3,3,0,0,5,0,5.1,5.1,0.3,5.3,18,153,16,0.08,0,0.08,0.08,0.08,0.13,0.01,0.14,0.13,0.14
145,Abdoulaye Doucouré,MF,Everton,29,1993,25,17,1533,17,5,2,7,5,0,0,6,1,2.4,2.4,2.2,4.6,23,38,66,0.29,0.12,0.41,0.29,0.41,0.14,0.13,0.27,0.14,0.27
146,Cheick Doucouré,MF,Crystal Palace,22,2000,34,34,2769,30.8,0,3,3,0,0,0,10,1,1.4,1.4,1.9,3.4,18,140,17,0,0.1,0.1,0,0.1,0.05,0.06,0.11,0.05,0.11
147,Flynn Downes,MF,West Ham,23,1999,21,7,762,8.5,0,0,0,0,0,0,2,0,0.4,0.4,0.1,0.5,3,22,11,0,0,0,0,0,0.05,0.01,0.06,0.05,0.06
148,Kami Doyle,MF,Southampton,16,2005,1,0,7,0.1,0,0,0,0,0,0,0,0,0,0,0,0,0,0,0,0,0,0,0,0,0,0,0,0,0
149,Cody Drameh,DF,Leeds United,20,2001,1,1,69,0.8,0,0,0,0,0,0,0,0,0,0,0,0,0,2,3,0,0,0,0,0,0,0,0,0,0
150,Martin Dúbravka,GK,Newcastle Utd,33,1989,2,1,157,1.7,0,0,0,0,0,0,0,0,0,0,0,0,0,0,0,0,0,0,0,0,0,0,0,0,0
151,Shane Duffy,"DF,FW",Fulham,30,1992,5,0,20,0.2,0,0,0,0,0,0,0,0,0.2,0.2,0,0.2,0,0,0,0,0,0,0,0,0.7,0,0.7,0.7,0.7
152,Lewis Dunk,DF,Brighton,30,1991,36,36,3239,36,1,0,1,1,0,0,4,0,1.7,1.7,1,2.7,19,158,5,0.03,0,0.03,0.03,0.03,0.05,0.03,0.07,0.05,0.07
153,Jhon Durán,"FW,MF",Aston Villa,18,2003,12,0,136,1.5,0,0,0,0,0,0,1,0,0.6,0.6,0,0.6,4,4,13,0,0,0,0,0,0.37,0.02,0.39,0.37,0.39
154,Malcolm Ebiowei,"MF,FW",Crystal Palace,18,2003,3,0,34,0.4,0,0,0,0,0,0,0,0,0,0,0,0,2,2,9,0,0,0,0,0,0,0,0,0,0
155,Ederson,GK,Manchester City,28,1993,35,35,3150,35,0,1,1,0,0,0,3,0,0,0,0.2,0.2,0,0,0,0,0.03,0.03,0,0.03,0,0.01,0.01,0,0.01
156,Odsonne Édouard,FW,Crystal Palace,24,1998,35,20,1803,20,5,2,7,5,0,0,3,0,4.2,4.2,1.2,5.4,29,32,100,0.25,0.1,0.35,0.25,0.35,0.21,0.06,0.27,0.21,0.27
157,Samuel Edozie,"FW,MF",Southampton,19,2003,17,5,567,6.3,0,0,0,0,0,0,0,0,0.9,0.9,0.4,1.3,26,13,39,0,0,0,0,0,0.14,0.06,0.2,0.14,0.2
158,Anthony Elanga,FW,Manchester Utd,20,2002,16,5,426,4.7,0,1,1,0,0,0,0,0,0.7,0.7,0.9,1.6,12,8,28,0,0.21,0.21,0,0.21,0.15,0.19,0.34,0.15,0.34
159,Harvey Elliott,"MF,FW",Liverpool,19,2003,32,18,1613,17.9,1,2,3,1,0,0,2,0,2.1,2.1,3.6,5.7,54,142,129,0.06,0.11,0.17,0.06,0.17,0.12,0.2,0.32,0.12,0.32
160,Mohamed Elneny,MF,Arsenal,30,1992,5,1,113,1.3,0,0,0,0,0,0,0,0,0,0,0,0,1,2,1,0,0,0,0,0,0,0,0,0,0
161,Mohamed Elyounoussi,"MF,FW",Southampton,27,1994,33,27,2168,24.1,1,1,2,1,0,0,4,0,3.5,3.5,2.1,5.6,56,50,98,0.04,0.04,0.08,0.04,0.08,0.15,0.09,0.23,0.15,0.23
162,Emerson,DF,Tottenham,23,1999,26,20,1735,19.3,2,1,3,2,0,0,2,1,1.7,1.7,0.6,2.3,47,80,103,0.1,0.05,0.16,0.1,0.16,0.09,0.03,0.12,0.09,0.12
163,Christian Eriksen,MF,Manchester Utd,30,1992,28,25,2048,22.8,1,8,9,1,0,0,3,0,5,5,4.2,9.2,23,164,66,0.04,0.35,0.4,0.04,0.4,0.22,0.19,0.4,0.22,0.4
164,Pervis Estupiñán,DF,Brighton,24,1998,35,31,2675,29.7,1,5,6,1,0,0,4,0,1.7,1.7,5.4,7.1,91,157,183,0.03,0.17,0.2,0.03,0.2,0.06,0.18,0.24,0.06,0.24
165,Jonny Evans,DF,Leicester City,34,1988,13,12,1051,11.7,0,0,0,0,0,0,1,0,0.2,0.2,0,0.2,6,35,0,0,0,0,0,0,0.01,0,0.01,0.01,0.01
166,Eberechi Eze,"MF,FW",Crystal Palace,24,1998,38,30,2636,29.3,10,4,14,9,1,1,3,0,7.3,6.5,4.3,10.8,69,131,129,0.34,0.14,0.48,0.31,0.44,0.25,0.15,0.39,0.22,0.37
167,Łukasz Fabiański,GK,West Ham,37,1985,36,36,3111,34.6,0,0,0,0,0,0,1,0,0,0,0,0,0,0,0,0,0,0,0,0,0,0,0,0,0
168,Fabinho,MF,Liverpool,28,1993,36,31,2671,29.7,0,2,2,0,0,0,11,0,0.7,0.7,2.1,2.9,15,161,39,0,0.07,0.07,0,0.07,0.02,0.07,0.1,0.02,0.1
169,Wout Faes,DF,Leicester City,24,1998,31,31,2786,31,1,2,3,1,0,0,6,1,1.2,1.2,0.6,1.9,11,74,2,0.03,0.06,0.1,0.03,0.1,0.04,0.02,0.06,0.04,0.06
170,Felipe,DF,Nott'ham Forest,33,1989,16,15,1418,15.8,0,1,1,0,0,0,4,0,1.2,1.2,0.9,2.1,3,22,4,0,0.06,0.06,0,0.06,0.07,0.06,0.13,0.07,0.13
171,João Félix,"FW,MF",Chelsea,22,1999,16,11,941,10.5,4,0,4,4,0,0,1,1,4.9,4.9,0.5,5.4,34,47,79,0.38,0,0.38,0.38,0.38,0.47,0.05,0.52,0.47,0.52
172,Evan Ferguson,FW,Brighton,17,2004,19,10,950,10.6,6,2,8,6,0,0,1,0,5.3,5.3,0.7,6.1,11,14,58,0.57,0.19,0.76,0.57,0.76,0.51,0.07,0.57,0.51,0.57
173,Bruno Fernandes,"MF,FW",Manchester Utd,27,1994,37,37,3316,36.8,8,8,16,6,2,2,6,0,9.3,7.7,16.7,24.4,89,263,231,0.22,0.22,0.43,0.16,0.38,0.25,0.45,0.71,0.21,0.66
174,Enzo Fernández,MF,Chelsea,21,2001,18,18,1547,17.2,0,2,2,0,0,0,3,0,0.8,0.8,2.4,3.2,22,168,18,0,0.12,0.12,0,0.12,0.05,0.14,0.19,0.05,0.19
175,Roberto Firmino,"FW,MF",Liverpool,30,1991,25,13,1213,13.5,11,4,15,11,0,0,0,0,5.5,5.5,2.5,8,16,78,96,0.82,0.3,1.11,0.82,1.11,0.41,0.19,0.59,0.41,0.59
176,Junior Firpo,DF,Leeds United,25,1996,19,14,1368,15.2,1,1,2,1,0,0,6,1,0.1,0.1,0.8,0.9,20,54,34,0.07,0.07,0.13,0.07,0.13,0.01,0.05,0.06,0.01,0.06
177,Phil Foden,FW,Manchester City,22,2000,32,22,1842,20.5,11,6,17,11,0,0,1,0,5.9,5.9,4.7,10.6,68,88,275,0.54,0.29,0.83,0.54,0.83,0.29,0.23,0.52,0.29,0.52
178,Datro Fofana,FW,Chelsea,19,2002,3,1,70,0.8,0,0,0,0,0,0,0,0,0.2,0.2,0.1,0.4,2,2,9,0,0,0,0,0,0.31,0.17,0.47,0.31,0.47
179,Wesley Fofana,DF,Leicester City,21,2000,2,2,180,2,0,0,0,0,0,0,1,0,0.1,0.1,0,0.1,3,6,1,0,0,0,0,0,0.06,0,0.06,0.06,0.06
180,Wesley Fofana,DF,Chelsea,21,2000,15,12,1183,13.1,1,0,1,1,0,0,3,0,0.7,0.7,0.1,0.8,29,43,12,0.08,0,0.08,0.08,0.08,0.05,0,0.06,0.05,0.06
181,Pablo Fornals,"FW,MF",West Ham,26,1996,32,17,1503,16.7,3,1,4,3,0,0,0,0,2.2,2.2,1.7,3.9,33,89,101,0.18,0.06,0.24,0.18,0.24,0.13,0.1,0.24,0.13,0.24
182,Adam Forshaw,MF,Leeds United,30,1991,12,5,479,5.3,0,0,0,0,0,0,0,0,0,0,0.9,0.9,4,33,7,0,0,0,0,0,0.01,0.17,0.18,0.01,0.18
183,Fraser Forster,GK,Tottenham,34,1988,14,13,1215,13.5,0,0,0,0,0,0,1,0,0,0,0,0,0,0,0,0,0,0,0,0,0,0,0,0,0
184,Tyrese Francois,FW,Fulham,22,2000,1,0,1,0,0,0,0,0,0,0,0,0,0,0,0,0,0,0,1,0,0,0,0,0,0,0,0,0,0
185,Ryan Fraser,FW,Newcastle Utd,28,1994,8,3,313,3.5,0,0,0,0,0,0,1,0,0.3,0.3,0.4,0.7,8,9,23,0,0,0,0,0,0.09,0.11,0.2,0.09,0.2
186,Fred,MF,Manchester Utd,29,1993,35,12,1249,13.9,2,2,4,2,0,0,6,0,2,2,2.9,4.9,10,76,50,0.14,0.14,0.29,0.14,0.29,0.14,0.21,0.35,0.14,0.35
187,Ryan Fredericks,DF,Bournemouth,29,1992,12,5,533,5.9,0,0,0,0,0,0,1,0,0,0,0.1,0.1,13,15,28,0,0,0,0,0,0,0.02,0.02,0,0.02
188,Remo Freuler,MF,Nott'ham Forest,30,1992,28,24,2161,24,0,0,0,0,0,0,4,0,0.4,0.4,0.8,1.2,7,54,11,0,0,0,0,0,0.02,0.03,0.05,0.02,0.05
189,Cody Gakpo,"FW,MF",Liverpool,23,1999,21,17,1458,16.2,7,2,9,7,0,0,0,0,6.2,6.2,2.7,8.9,36,50,109,0.43,0.12,0.56,0.43,0.56,0.38,0.17,0.55,0.38,0.55
190,Conor Gallagher,MF,Chelsea,22,2000,35,18,1621,18,3,1,4,3,0,0,11,1,2.5,2.5,2.3,4.7,40,105,104,0.17,0.06,0.22,0.17,0.22,0.14,0.13,0.26,0.14,0.26
191,Idrissa Gana Gueye,MF,Everton,32,1989,33,32,2577,28.6,0,1,1,0,0,0,7,0,0.7,0.7,1.1,1.8,27,98,19,0,0.03,0.03,0,0.03,0.03,0.04,0.06,0.03,0.06
192,Alejandro Garnacho,"FW,MF",Manchester Utd,18,2004,19,5,569,6.3,3,2,5,3,0,0,3,0,3,3,1,4.1,33,12,85,0.47,0.32,0.79,0.47,0.79,0.48,0.16,0.64,0.48,0.64
193,James Garner,"MF,DF",Everton,21,2001,16,7,804,8.9,0,1,1,0,0,0,3,0,0.8,0.8,0.5,1.3,8,33,18,0,0.11,0.11,0,0.11,0.09,0.06,0.14,0.09,0.14
194,David de Gea,GK,Manchester Utd,31,1990,38,38,3420,38,0,0,0,0,0,0,0,0,0,0,0.1,0.1,0,0,0,0,0,0,0,0,0,0,0,0,0
195,Joe Gelhardt,FW,Leeds United,20,2002,15,1,212,2.4,0,2,2,0,0,0,1,0,0.8,0.8,0.5,1.3,2,6,21,0,0.85,0.85,0,0.85,0.36,0.2,0.55,0.36,0.55
196,Saman Ghoddos,"MF,FW",Brentford,28,1993,15,0,139,1.5,0,0,0,0,0,0,0,0,0,0,0.4,0.5,1,8,6,0,0,0,0,0,0.03,0.27,0.3,0.03,0.3
197,Morgan Gibbs-White,"FW,MF",Wolves,22,2000,2,2,180,2,0,0,0,0,0,0,1,0,0.7,0.7,0.1,0.8,4,12,12,0,0,0,0,0,0.36,0.04,0.4,0.36,0.4
198,Morgan Gibbs-White,"MF,FW",Nott'ham Forest,22,2000,35,34,2971,33,5,8,13,3,2,2,5,0,6,4.4,8.2,12.7,69,131,157,0.15,0.24,0.39,0.09,0.33,0.18,0.25,0.43,0.13,0.38
199,Billy Gilmour,MF,Brighton,21,2001,14,7,507,5.6,0,1,1,0,0,0,1,0,0.5,0.5,0.2,0.8,5,35,4,0,0.18,0.18,0,0.18,0.09,0.04,0.13,0.09,0.13
200,Degnand Gnonto,"FW,MF",Leeds United,18,2003,24,14,1354,15,2,4,6,2,0,0,7,0,1.8,1.8,2.2,4,66,35,136,0.13,0.27,0.4,0.13,0.4,0.12,0.15,0.27,0.12,0.27
201,Ben Godfrey,DF,Everton,24,1998,13,10,802,8.9,0,1,1,0,0,0,2,0,1.2,1.2,0.2,1.4,9,19,7,0,0.11,0.11,0,0.11,0.14,0.02,0.16,0.14,0.16
202,João Gomes,MF,Wolves,21,2001,11,7,653,7.3,1,0,1,1,0,0,5,0,0.3,0.3,0.2,0.4,7,19,8,0.14,0,0.14,0.14,0.14,0.04,0.02,0.06,0.04,0.06
203,Toti Gomes,DF,Wolves,23,1999,17,10,984,10.9,1,0,1,1,0,0,6,0,0.4,0.4,0.3,0.7,4,27,23,0.09,0,0.09,0.09,0.09,0.04,0.02,0.06,0.04,0.06
204,Joe Gomez,DF,Liverpool,25,1997,21,15,1466,16.3,0,0,0,0,0,0,3,0,0.2,0.2,0.2,0.3,15,108,5,0,0,0,0,0,0.01,0.01,0.02,0.01,0.02
205,Sergio Gómez,"DF,MF",Manchester City,21,2000,12,2,349,3.9,0,1,1,0,0,0,0,0,0.4,0.4,1.2,1.5,10,18,20,0,0.26,0.26,0,0.26,0.09,0.3,0.39,0.09,0.39
206,Anthony Gordon,"FW,MF",Newcastle Utd,21,2001,16,4,487,5.4,1,0,1,1,0,0,1,0,1.7,1.7,0.9,2.6,20,15,45,0.18,0,0.18,0.18,0.18,0.31,0.17,0.48,0.31,0.48
207,Anthony Gordon,FW,Everton,21,2001,16,12,1095,12.2,3,0,3,3,0,0,6,0,3.3,3.3,0.6,3.9,28,19,67,0.25,0,0.25,0.25,0.25,0.27,0.05,0.32,0.27,0.32
208,Demarai Gray,"FW,MF",Everton,26,1996,33,27,2507,27.9,4,1,5,2,2,2,3,0,6.2,4.7,3.8,8.5,94,46,199,0.14,0.04,0.18,0.07,0.11,0.22,0.14,0.36,0.17,0.3
209,Jack Grealish,FW,Manchester City,26,1995,28,23,2055,22.8,5,7,12,5,0,0,4,0,4.6,4.6,7,11.7,143,100,310,0.22,0.31,0.53,0.22,0.53,0.2,0.31,0.51,0.2,0.51
210,Sam Greenwood,"MF,FW",Leeds United,20,2002,18,3,424,4.7,1,2,3,1,0,0,1,0,0.7,0.7,1.1,1.8,7,15,10,0.21,0.42,0.64,0.21,0.64,0.15,0.24,0.39,0.15,0.39
211,Pascal Groß,"MF,DF",Brighton,31,1991,37,37,3239,36,9,8,17,9,0,0,6,0,5.4,5.4,10.9,16.3,62,255,209,0.25,0.22,0.47,0.25,0.47,0.15,0.3,0.45,0.15,0.45
212,Vicente Guaita,GK,Crystal Palace,35,1987,27,27,2430,27,0,0,0,0,0,0,1,0,0,0,0,0,0,1,0,0,0,0,0,0,0,0,0,0,0
213,Gonçalo Guedes,"FW,MF",Wolves,25,1996,13,8,707,7.9,1,1,2,1,0,0,1,0,1.2,1.2,0.5,1.7,20,16,54,0.13,0.13,0.25,0.13,0.25,0.15,0.06,0.22,0.15,0.22
214,Marc Guéhi,DF,Crystal Palace,22,2000,37,37,3329,37,1,0,1,1,0,0,8,0,1.5,1.5,0.5,1.9,17,106,3,0.03,0,0.03,0.03,0.03,0.04,0.01,0.05,0.04,0.05
215,Bruno Guimarães,MF,Newcastle Utd,24,1997,32,32,2726,30.3,4,5,9,4,0,0,7,0,2.8,2.8,4,6.8,41,222,42,0.13,0.17,0.3,0.13,0.3,0.09,0.13,0.23,0.09,0.23
216,İlkay Gündoğan,MF,Manchester City,31,1990,31,27,2353,26.1,8,4,12,8,0,1,0,0,7.5,6.7,3.3,10,53,170,124,0.31,0.15,0.46,0.31,0.46,0.29,0.13,0.41,0.26,0.38
217,Darko Gyabi,FW,Leeds United,18,2004,1,0,8,0.1,0,0,0,0,0,0,0,0,0.1,0.1,0,0.1,0,2,0,0,0,0,0,0,0.72,0,0.72,0.72,0.72
218,Erling Haaland,FW,Manchester City,22,2000,35,33,2769,30.8,36,8,44,29,7,7,5,0,28.4,23.1,5.3,28.4,35,58,151,1.17,0.26,1.43,0.94,1.2,0.92,0.17,1.1,0.75,0.92
219,Lewis Hall,DF,Chelsea,17,2004,9,8,654,7.3,0,0,0,0,0,0,1,0,0.9,0.9,2.3,3.1,19,25,41,0,0,0,0,0,0.12,0.31,0.43,0.12,0.43
220,Luke Harris,"MF,FW",Fulham,17,2005,3,0,13,0.1,0,0,0,0,0,0,0,0,0,0,0,0,0,1,0,0,0,0,0,0,0,0,0,0,0
221,Jack Harrison,"FW,MF",Leeds United,25,1996,36,34,2708,30.1,5,7,12,5,0,0,2,0,4.7,4.7,5.1,9.8,103,103,255,0.17,0.23,0.4,0.17,0.4,0.16,0.17,0.33,0.16,0.33
222,Kai Havertz,"FW,MF",Chelsea,23,1999,35,30,2569,28.5,7,1,8,6,1,1,5,0,11.6,10.8,3.7,14.6,59,89,218,0.25,0.04,0.28,0.21,0.25,0.41,0.13,0.54,0.38,0.51
223,Jan Paul van Hecke,DF,Brighton,22,2000,8,3,295,3.3,0,0,0,0,0,0,2,0,0.6,0.6,0,0.6,3,21,0,0,0,0,0,0,0.18,0,0.18,0.18,0.18
224,Hwang Hee-chan,"FW,MF",Wolves,26,1996,27,12,1130,12.6,3,1,4,3,0,0,1,0,2.9,2.9,1.1,4,25,30,60,0.24,0.08,0.32,0.24,0.32,0.23,0.09,0.32,0.23,0.32
225,Dean Henderson,GK,Nott'ham Forest,25,1997,18,18,1620,18,0,0,0,0,0,0,2,0,0,0,0,0,0,0,0,0,0,0,0,0,0,0,0,0,0
226,Jordan Henderson,MF,Liverpool,32,1990,35,23,2074,23,0,2,2,0,0,0,2,0,1.4,1.4,3.2,4.5,37,189,90,0,0.09,0.09,0,0.09,0.06,0.14,0.2,0.06,0.2
227,Wayne Hennessey,GK,Nott'ham Forest,35,1987,4,3,271,3,0,0,0,0,0,0,0,0,0,0,0,0,0,0,0,0,0,0,0,0,0,0,0,0,0
228,Rico Henry,DF,Brentford,25,1997,37,37,3238,36,0,2,2,0,0,0,4,0,1.6,1.6,2.7,4.2,55,107,111,0,0.06,0.06,0,0.06,0.04,0.07,0.12,0.04,0.12
229,Son Heung-min,"MF,FW",Tottenham,30,1992,36,33,2888,32.1,10,6,16,10,0,0,2,0,10.1,10.1,6.5,16.6,82,79,196,0.31,0.19,0.5,0.31,0.5,0.31,0.2,0.52,0.31,0.52
230,Aaron Hickey,DF,Brentford,20,2002,26,23,1916,21.3,0,1,1,0,0,0,7,0,0.4,0.4,0.4,0.8,41,81,47,0,0.05,0.05,0,0.05,0.02,0.02,0.04,0.02,0.04
231,Jack Hinshelwood,FW,Brighton,17,2005,1,0,2,0,0,0,0,0,0,0,0,0,0,0,0,0,0,0,1,0,0,0,0,0,0,0,0,0,0
232,Joseph Hodge,MF,Wolves,19,2002,6,1,175,1.9,0,0,0,0,0,0,1,0,0.3,0.3,0.1,0.3,1,8,5,0,0,0,0,0,0.13,0.03,0.16,0.13,0.16
233,Rob Holding,DF,Arsenal,26,1995,14,6,566,6.3,1,0,1,1,0,0,0,0,0.3,0.3,0,0.3,3,24,2,0.16,0,0.16,0.16,0.16,0.05,0,0.05,0.05,0.05
234,Mason Holgate,DF,Everton,25,1996,8,5,507,5.6,0,0,0,0,0,0,3,1,1,1,0.4,1.4,4,14,5,0,0,0,0,0,0.18,0.07,0.25,0.18,0.25
235,Will Hughes,MF,Crystal Palace,27,1995,27,7,842,9.4,1,1,2,1,0,0,4,0,0.3,0.3,0.9,1.2,14,32,23,0.11,0.11,0.21,0.11,0.21,0.04,0.1,0.13,0.04,0.13
236,Omari Hutchinson,FW,Chelsea,18,2003,1,0,23,0.3,0,0,0,0,0,0,0,0,0,0,0,0,1,0,1,0,0,0,0,0,0,0,0,0,0
237,Pierre Højbjerg,MF,Tottenham,26,1995,35,35,3131,34.8,4,5,9,4,0,0,5,0,2,2,3.1,5.1,46,235,66,0.11,0.14,0.26,0.11,0.26,0.06,0.09,0.15,0.06,0.15
238,Kelechi Iheanacho,"FW,MF",Leicester City,25,1996,28,11,1127,12.5,5,5,10,4,1,1,0,0,7.1,6.3,4,10.4,33,27,99,0.4,0.4,0.8,0.32,0.72,0.57,0.32,0.89,0.51,0.83
239,Danny Ings,FW,West Ham,30,1992,17,7,775,8.6,2,2,4,2,0,0,1,0,3,3,1,4,9,12,44,0.23,0.23,0.46,0.23,0.46,0.35,0.12,0.47,0.35,0.47
240,Danny Ings,FW,Aston Villa,30,1992,18,8,824,9.2,6,0,6,4,2,2,3,0,5.3,3.8,1.2,5,15,12,46,0.66,0,0.66,0.44,0.44,0.59,0.13,0.71,0.41,0.54
241,Alexander Isak,FW,Newcastle Utd,22,1999,22,17,1522,16.9,10,1,11,8,2,2,3,0,8.2,6.7,2.2,8.9,41,48,122,0.59,0.06,0.65,0.47,0.53,0.49,0.13,0.62,0.4,0.52
242,Daniel Iversen,GK,Leicester City,25,1997,12,12,1080,12,0,0,0,0,0,0,0,0,0,0,0,0,0,0,0,0,0,0,0,0,0,0,0,0,0
243,Alex Iwobi,"MF,FW",Everton,26,1996,38,38,3378,37.5,2,7,9,2,0,0,2,0,2.5,2.5,6.1,8.5,90,194,145,0.05,0.19,0.24,0.05,0.24,0.07,0.16,0.23,0.07,0.23
244,Daniel James,FW,Leeds United,24,1997,4,2,198,2.2,0,0,0,0,0,0,0,0,0.3,0.3,0.3,0.6,6,3,9,0,0,0,0,0,0.12,0.15,0.27,0.12,0.27
245,Daniel James,FW,Fulham,24,1997,20,5,621,6.9,2,1,3,2,0,0,0,0,1.7,1.7,0.7,2.5,24,15,48,0.29,0.14,0.43,0.29,0.43,0.25,0.11,0.36,0.25,0.36
246,Reece James,"DF,MF",Chelsea,22,1999,16,14,1244,13.8,1,1,2,1,0,0,4,0,1,1,3,4,52,90,115,0.07,0.07,0.14,0.07,0.14,0.07,0.22,0.29,0.07,0.29
247,Vitaly Janelt,"MF,DF",Brentford,24,1998,35,24,2208,24.5,3,1,4,3,0,0,3,0,2.4,2.4,1.4,3.8,14,82,28,0.12,0.04,0.16,0.12,0.16,0.1,0.06,0.15,0.1,0.15
248,Pontus Jansson,DF,Brentford,31,1991,12,9,724,8,1,0,1,1,0,0,0,0,0.3,0.3,0,0.3,1,14,0,0.12,0,0.12,0.12,0.12,0.04,0,0.04,0.04,0.04
249,Mathias Jensen,MF,Brentford,26,1996,37,37,2803,31.1,5,6,11,5,0,0,5,0,2.2,2.2,5,7.2,21,141,77,0.16,0.19,0.35,0.16,0.35,0.07,0.16,0.23,0.07,0.23
250,Gabriel Jesus,FW,Arsenal,25,1997,26,24,2064,22.9,11,6,17,10,1,1,6,0,14,13.2,3.9,17.1,44,64,194,0.48,0.26,0.74,0.44,0.7,0.61,0.17,0.78,0.58,0.75
251,Raúl Jiménez,FW,Wolves,31,1991,15,8,846,9.4,0,1,1,0,0,0,0,0,2.6,2.6,1.7,4.3,5,14,45,0,0.11,0.11,0,0.11,0.27,0.18,0.46,0.27,0.46
252,Joelinton,"MF,FW",Newcastle Utd,25,1996,32,30,2661,29.6,6,1,7,6,0,0,12,0,7.1,7.1,2.4,9.4,64,130,150,0.2,0.03,0.24,0.2,0.24,0.24,0.08,0.32,0.24,0.32
253,Ben Johnson,DF,West Ham,22,2000,17,9,866,9.6,0,0,0,0,0,0,0,0,0.1,0.1,0.2,0.3,15,37,22,0,0,0,0,0,0.01,0.02,0.03,0.01,0.03
254,Brennan Johnson,"FW,MF",Nott'ham Forest,21,2001,38,33,2934,32.6,8,3,11,7,1,3,6,0,8.6,6.2,3.2,9.4,88,30,155,0.25,0.09,0.34,0.21,0.31,0.26,0.1,0.36,0.19,0.29
255,Sam Johnstone,GK,Crystal Palace,29,1993,9,9,810,9,0,0,0,0,0,0,1,0,0,0,0,0,0,0,0,0,0,0,0,0,0,0,0,0,0
256,Curtis Jones,MF,Liverpool,21,2001,18,12,1035,11.5,3,1,4,3,0,0,2,0,1.2,1.2,1.1,2.3,31,69,75,0.26,0.09,0.35,0.26,0.35,0.1,0.1,0.2,0.1,0.2
257,Jorginho,MF,Arsenal,30,1991,14,9,855,9.5,0,1,1,0,0,0,0,0,0.2,0.2,0.2,0.4,15,99,8,0,0.11,0.11,0,0.11,0.02,0.02,0.04,0.02,0.04
258,Jorginho,MF,Chelsea,30,1991,18,15,1279,14.2,2,0,2,0,2,2,4,0,1.7,0.1,0.4,0.5,13,80,10,0.14,0,0.14,0,0,0.12,0.03,0.14,0.01,0.03
259,Mateo Joseph,"FW,MF",Leeds United,18,2003,3,0,26,0.3,0,0,0,0,0,0,0,0,0.1,0.1,0,0.1,0,0,2,0,0,0,0,0,0.4,0,0.4,0.4,0.4
260,Diogo Jota,FW,Liverpool,25,1996,22,12,1131,12.6,7,4,11,7,0,0,2,0,6.5,6.5,2.1,8.6,34,30,104,0.56,0.32,0.88,0.56,0.88,0.52,0.17,0.69,0.52,0.69
261,Hamed Junior Traorè,"FW,MF",Bournemouth,22,2000,7,5,427,4.7,0,0,0,0,0,0,0,0,0.9,0.9,1.1,2.1,19,26,21,0,0,0,0,0,0.19,0.24,0.43,0.19,0.43
262,James Justin,DF,Leicester City,24,1998,14,14,1252,13.9,0,0,0,0,0,0,0,0,0.3,0.3,0.3,0.6,20,47,50,0,0,0,0,0,0.02,0.02,0.05,0.02,0.05
263,Mathias Jørgensen,DF,Brentford,32,1990,18,11,1103,12.3,0,0,0,0,0,0,2,0,0.9,0.9,0.2,1.1,1,35,1,0,0,0,0,0,0.07,0.01,0.09,0.07,0.09
264,Sasa Kalajdzic,FW,Wolves,25,1997,1,1,45,0.5,0,0,0,0,0,0,0,0,0.3,0.3,0,0.3,0,0,1,0,0,0,0,0,0.53,0,0.53,0.53,0.53
265,Boubacar Kamara,MF,Aston Villa,22,1999,24,21,1777,19.7,0,1,1,0,0,0,4,0,0.2,0.2,0.8,1,16,84,8,0,0.05,0.05,0,0.05,0.01,0.04,0.05,0.01,0.05
266,Harry Kane,FW,Tottenham,29,1993,38,38,3405,37.8,30,3,33,25,5,6,6,0,21.5,16.7,7,23.7,60,180,193,0.79,0.08,0.87,0.66,0.74,0.57,0.18,0.75,0.44,0.63
267,N'Golo Kanté,MF,Chelsea,31,1991,7,6,518,5.8,0,1,1,0,0,0,1,0,0.3,0.3,1.9,2.2,19,34,36,0,0.17,0.17,0,0.17,0.05,0.32,0.38,0.05,0.38
268,Michael Keane,DF,Everton,29,1993,12,10,985,10.9,1,2,3,1,0,0,0,0,1.3,1.3,0.7,2.1,2,31,4,0.09,0.18,0.27,0.09,0.27,0.12,0.07,0.19,0.12,0.19
269,Neeskens Kebano,FW,Fulham,30,1992,17,9,764,8.5,0,3,3,0,0,0,0,0,0.5,0.5,1.5,2,39,24,68,0,0.35,0.35,0,0.35,0.06,0.18,0.23,0.06,0.23
270,Thilo Kehrer,DF,West Ham,25,1996,27,25,2230,24.8,0,2,2,0,0,0,4,0,0.5,0.5,0.6,1.1,15,60,29,0,0.08,0.08,0,0.08,0.02,0.03,0.04,0.02,0.04
271,Naby Keïta,MF,Liverpool,27,1995,8,3,293,3.3,0,0,0,0,0,0,1,0,0.6,0.6,0.7,1.4,5,15,21,0,0,0,0,0,0.2,0.22,0.41,0.2,0.41
272,Caoimhín Kelleher,GK,Liverpool,23,1998,1,1,90,1,0,0,0,0,0,0,0,0,0,0,0,0,0,0,0,0,0,0,0,0,0,0,0,0,0
273,Lloyd Kelly,DF,Bournemouth,23,1998,23,23,2040,22.7,0,2,2,0,0,0,3,0,0.2,0.2,0.5,0.7,14,47,10,0,0.09,0.09,0,0.09,0.01,0.02,0.03,0.01,0.03
274,Max Kilman,DF,Wolves,25,1997,37,37,3307,36.7,0,0,0,0,0,0,3,0,1.3,1.3,0.2,1.6,30,127,5,0,0,0,0,0,0.04,0.01,0.04,0.04,0.04
275,Jakub Kiwior,DF,Arsenal,22,2000,7,5,427,4.7,1,0,1,1,0,0,0,0,0.1,0.1,0,0.1,0,6,6,0.21,0,0.21,0.21,0.21,0.02,0.01,0.03,0.02,0.03
276,Mateusz Klich,"MF,FW",Leeds United,32,1990,14,0,280,3.1,0,0,0,0,0,0,2,0,0.2,0.2,0.2,0.4,5,16,21,0,0,0,0,0,0.05,0.06,0.12,0.05,0.12
277,Robin Koch,DF,Leeds United,26,1996,36,36,3175,35.3,0,0,0,0,0,0,7,0,1.5,1.5,0.4,1.9,11,114,11,0,0,0,0,0,0.04,0.01,0.06,0.04,0.06
278,Ibrahima Konaté,DF,Liverpool,23,1999,18,17,1552,17.2,0,0,0,0,0,0,5,0,1.2,1.2,0.1,1.4,7,56,5,0,0,0,0,0,0.07,0.01,0.08,0.07,0.08
279,Ezri Konsa,DF,Aston Villa,24,1997,38,37,3322,36.9,0,0,0,0,0,0,6,0,1.1,1.1,1.3,2.3,7,56,11,0,0,0,0,0,0.03,0.03,0.06,0.03,0.06
280,Kalidou Koulibaly,DF,Chelsea,31,1991,23,20,1800,20,2,1,3,2,0,0,7,1,0.9,0.9,0.4,1.4,10,81,4,0.1,0.05,0.15,0.1,0.15,0.05,0.02,0.07,0.05,0.07
281,Cheikhou Kouyaté,MF,Nott'ham Forest,32,1989,21,10,882,9.8,1,0,1,1,0,0,3,0,0.4,0.4,0.7,1.1,6,19,14,0.1,0,0.1,0.1,0.1,0.04,0.07,0.11,0.04,0.11
282,Mateo Kovačić,MF,Chelsea,28,1994,27,17,1707,19,1,2,3,1,0,0,8,0,1.8,1.8,2.1,3.9,37,153,30,0.05,0.11,0.16,0.05,0.16,0.09,0.11,0.2,0.09,0.2
283,Emil Krafth,DF,Newcastle Utd,27,1994,1,0,1,0,0,0,0,0,0,0,0,0,0,0,0,0,0,0,0,0,0,0,0,0,0,0,0,0,0
284,Dejan Kulusevski,"MF,FW",Tottenham,22,2000,30,23,2067,23,2,7,9,2,0,0,2,0,2.6,2.6,4.7,7.2,87,67,195,0.09,0.3,0.39,0.09,0.39,0.11,0.2,0.31,0.11,0.31
285,Layvin Kurzawa,DF,Fulham,29,1992,3,2,135,1.5,0,0,0,0,0,0,1,0,0,0,0,0,1,2,2,0,0,0,0,0,0,0,0,0,0
286,Adam Lallana,"MF,FW",Brighton,34,1988,16,12,722,8,2,1,3,2,0,0,0,0,0.9,0.9,1,1.9,10,33,43,0.25,0.12,0.37,0.25,0.37,0.11,0.12,0.23,0.11,0.23
287,Tariq Lamptey,DF,Brighton,21,2000,20,3,453,5,0,0,0,0,0,0,1,0,0.2,0.2,0.2,0.4,28,26,58,0,0,0,0,0,0.04,0.04,0.08,0.04,0.08
288,Manuel Lanzini,"MF,FW",West Ham,29,1993,10,2,252,2.8,1,0,1,1,0,0,0,0,0.5,0.5,0.2,0.7,2,19,6,0.36,0,0.36,0.36,0.36,0.19,0.06,0.25,0.19,0.25
289,Aymeric Laporte,DF,Manchester City,28,1994,12,11,993,11,0,0,0,0,0,0,0,0,0.5,0.5,0.2,0.7,30,85,11,0,0,0,0,0,0.04,0.02,0.06,0.04,0.06
290,Juan Larios,DF,Southampton,18,2004,5,2,152,1.7,0,0,0,0,0,0,0,0,0,0,0,0,10,4,1,0,0,0,0,0,0,0,0,0,0
291,Jamaal Lascelles,DF,Newcastle Utd,28,1993,7,2,218,2.4,0,0,0,0,0,0,4,0,0.1,0.1,0,0.1,0,3,0,0,0,0,0,0,0.04,0,0.04,0.04,0.04
292,Roméo Lavia,MF,Southampton,18,2004,29,26,2221,24.7,1,0,1,1,0,0,9,0,0.4,0.4,0.6,1,22,102,14,0.04,0,0.04,0.04,0.04,0.02,0.03,0.04,0.02,0.04
293,Dexter Lembikisa,DF,Wolves,18,2003,1,0,23,0.3,0,0,0,0,0,0,0,0,0,0,0,0,2,3,3,0,0,0,0,0,0,0,0,0,0
294,Mario Lemina,MF,Wolves,28,1993,19,17,1299,14.4,0,1,1,0,0,0,4,1,0.3,0.3,0.3,0.6,6,42,9,0,0.07,0.07,0,0.07,0.02,0.02,0.04,0.02,0.04
295,Clément Lenglet,DF,Tottenham,27,1995,26,24,2019,22.4,0,2,2,0,0,0,4,0,1,1,0.6,1.6,33,85,7,0,0.09,0.09,0,0.09,0.04,0.03,0.07,0.04,0.07
296,Bernd Leno,GK,Fulham,30,1992,36,36,3240,36,0,0,0,0,0,0,3,0,0,0,0,0,0,0,0,0,0,0,0,0,0,0,0,0,0
297,Jefferson Lerma,MF,Bournemouth,27,1994,37,37,3252,36.1,5,0,5,5,0,0,7,0,2.6,2.6,2.3,4.9,22,142,30,0.14,0,0.14,0.14,0.14,0.07,0.06,0.14,0.07,0.14
298,Jamal Lewis,"DF,FW",Newcastle Utd,24,1998,2,0,11,0.1,0,0,0,0,0,0,0,0,0,0,0,0,0,1,1,0,0,0,0,0,0,0,0,0,0
299,Rico Lewis,"DF,MF",Manchester City,17,2004,14,10,903,10,0,0,0,0,0,0,1,0,0.2,0.2,1.5,1.7,22,48,26,0,0,0,0,0,0.02,0.15,0.17,0.02,0.17
300,Keane Lewis-Potter,"FW,MF",Brentford,21,2001,10,3,321,3.6,0,1,1,0,0,0,0,0,0.5,0.5,1.2,1.7,8,6,39,0,0.28,0.28,0,0.28,0.14,0.35,0.49,0.14,0.49
301,Victor Lindelöf,DF,Manchester Utd,28,1994,20,14,1365,15.2,0,0,0,0,0,0,1,0,0.3,0.3,0.1,0.4,3,36,1,0,0,0,0,0,0.02,0.01,0.03,0.02,0.03
302,Jesse Lingard,"FW,MF",Nott'ham Forest,29,1992,17,12,923,10.3,0,0,0,0,0,0,1,0,1,1,0.7,1.7,11,33,38,0,0,0,0,0,0.1,0.07,0.17,0.1,0.17
303,Valentino Livramento,"DF,FW",Southampton,19,2002,2,0,28,0.3,0,0,0,0,0,0,0,0,0,0,0,0,0,0,0,0,0,0,0,0,0,0,0,0,0
304,Diego Llorente,DF,Leeds United,28,1993,8,7,649,7.2,0,0,0,0,0,0,1,0,0.7,0.7,0,0.7,2,27,1,0,0,0,0,0,0.1,0,0.1,0.1,0.1
305,Hugo Lloris,GK,Tottenham,35,1986,25,25,2205,24.5,0,0,0,0,0,0,0,0,0,0,0,0,0,0,0,0,0,0,0,0,0,0,0,0,0
306,Renan Lodi,DF,Nott'ham Forest,24,1998,28,26,2214,24.6,0,1,1,0,0,0,7,0,1,1,1.2,2.1,24,31,70,0,0.04,0.04,0,0.04,0.04,0.05,0.09,0.04,0.09
307,Ruben Loftus-Cheek,"MF,DF",Chelsea,26,1996,25,19,1536,17.1,0,1,1,0,0,0,1,0,0.8,0.8,1.5,2.4,56,90,86,0,0.06,0.06,0,0.06,0.05,0.09,0.14,0.05,0.14
308,Sean Longstaff,MF,Newcastle Utd,24,1997,33,28,2518,28,1,4,5,1,0,0,2,0,3.6,3.6,3.3,6.9,21,116,115,0.04,0.14,0.18,0.04,0.18,0.13,0.12,0.25,0.13,0.25
309,Jamal Lowe,"MF,FW",Bournemouth,28,1994,2,0,12,0.1,0,0,0,0,0,0,0,0,0,0,0,0,0,1,0,0,0,0,0,0,0,0,0,0,0
310,Douglas Luiz,MF,Aston Villa,24,1998,37,33,2927,32.5,6,6,12,6,0,0,6,1,2.8,2.8,4.4,7.2,48,148,35,0.18,0.18,0.37,0.18,0.37,0.09,0.14,0.22,0.09,0.22
311,Saša Lukić,MF,Fulham,25,1996,12,4,412,4.6,0,0,0,0,0,0,1,0,0.1,0.1,0,0.1,8,13,5,0,0,0,0,0,0.03,0,0.03,0.03,0.03
312,Lyanco,DF,Southampton,25,1997,21,11,1180,13.1,1,1,2,1,0,0,4,0,0.6,0.6,0.5,1,13,35,4,0.08,0.08,0.15,0.08,0.15,0.04,0.04,0.08,0.04,0.08
313,Alexis Mac Allister,MF,Brighton,23,1998,35,31,2886,32.1,10,2,12,4,6,6,8,0,12.1,7.3,4.3,11.6,69,174,77,0.31,0.06,0.37,0.12,0.19,0.38,0.13,0.51,0.23,0.36
314,James Maddison,"MF,FW",Leicester City,25,1996,30,28,2480,27.6,10,9,19,9,1,2,10,0,8.7,6.6,9.3,16,77,151,155,0.36,0.33,0.69,0.33,0.65,0.31,0.34,0.65,0.24,0.58
315,Noni Madueke,FW,Chelsea,20,2002,12,7,643,7.1,1,0,1,1,0,0,0,0,0.9,0.9,0.5,1.5,48,36,100,0.14,0,0.14,0.14,0.14,0.13,0.07,0.2,0.13,0.2
316,Harry Maguire,DF,Manchester Utd,29,1993,16,8,767,8.5,0,0,0,0,0,0,4,0,0.3,0.3,0,0.4,8,26,4,0,0,0,0,0,0.04,0,0.04,0.04,0.04
317,Riyad Mahrez,"FW,MF",Manchester City,31,1991,30,22,1920,21.3,5,10,15,4,1,1,2,0,5.5,4.7,7,11.8,78,76,242,0.23,0.47,0.7,0.19,0.66,0.26,0.33,0.59,0.22,0.55
318,Kobbie Mainoo,MF,Manchester Utd,17,2005,1,0,11,0.1,0,0,0,0,0,0,0,0,0,0,0,0,2,1,1,0,0,0,0,0,0,0,0,0,0
319,Ainsley Maitland-Niles,"DF,MF",Southampton,24,1997,22,13,1407,15.6,0,0,0,0,0,0,3,0,0,0,0.7,0.7,15,57,35,0,0,0,0,0,0,0.05,0.05,0,0.05
320,Tyrell Malacia,DF,Manchester Utd,22,1999,22,14,1396,15.5,0,0,0,0,0,0,6,0,0.2,0.2,0.7,0.9,19,44,33,0,0,0,0,0,0.02,0.04,0.06,0.02,0.06
321,Orel Mangala,MF,Nott'ham Forest,24,1998,27,20,1550,17.2,1,1,2,1,0,0,3,0,0.6,0.6,0.4,0.9,14,43,8,0.06,0.06,0.12,0.06,0.12,0.03,0.02,0.06,0.03,0.06
322,Javier Manquillo,DF,Newcastle Utd,28,1994,4,0,37,0.4,0,0,0,0,0,0,0,0,0,0,0,0,2,4,1,0,0,0,0,0,0,0,0,0,0
323,Sekou Mara,"FW,MF",Southampton,20,2002,22,4,555,6.2,1,2,3,1,0,0,1,0,1,1,0.8,1.8,7,7,27,0.16,0.32,0.49,0.16,0.49,0.17,0.12,0.29,0.17,0.29
324,Solly March,"FW,DF",Brighton,28,1994,33,31,2715,30.2,7,7,14,7,0,0,2,0,8.1,8.1,8.4,16.5,110,135,357,0.23,0.23,0.46,0.23,0.46,0.27,0.28,0.55,0.27,0.55
325,Emiliano Marcondes,MF,Bournemouth,27,1995,1,0,9,0.1,0,0,0,0,0,0,0,0,0,0,0,0,0,1,0,0,0,0,0,0,0,0,0,0,0
326,Marquinhos,MF,Arsenal,19,2003,1,0,1,0,0,0,0,0,0,0,0,0,0,0,0,0,0,0,0,0,0,0,0,0,0,0,0,0,0
327,Anthony Martial,FW,Manchester Utd,26,1995,21,11,978,10.9,6,2,8,5,1,1,0,0,6.2,5.5,1.4,6.9,18,35,87,0.55,0.18,0.74,0.46,0.64,0.58,0.13,0.7,0.5,0.63
328,Martinelli,FW,Arsenal,21,2001,36,34,2789,31,15,5,20,15,0,0,3,0,9.3,9.3,9.1,18.4,124,94,350,0.48,0.16,0.65,0.48,0.65,0.3,0.29,0.59,0.3,0.59
329,Emiliano Martínez,GK,Aston Villa,29,1992,36,36,3139,34.9,0,0,0,0,0,0,7,0,0,0,0.3,0.3,0,0,0,0,0,0,0,0,0,0.01,0.01,0,0.01
330,Lisandro Martínez,DF,Manchester Utd,24,1998,27,24,2114,23.5,1,0,1,1,0,0,6,0,0.5,0.5,0.3,0.8,12,83,2,0.04,0,0.04,0.04,0.04,0.02,0.01,0.03,0.02,0.03
331,Pape Matar Sarr,"MF,FW",Tottenham,19,2002,11,2,218,2.4,0,1,1,0,0,0,1,0,0.1,0.1,0.3,0.4,1,13,0,0,0.41,0.41,0,0.41,0.03,0.14,0.17,0.03,0.17
332,Jean-Philippe Mateta,FW,Crystal Palace,25,1997,29,6,770,8.6,2,0,2,2,0,0,3,0,3.4,3.4,0.6,4,9,6,43,0.23,0,0.23,0.23,0.23,0.39,0.07,0.47,0.39,0.47
333,Joël Matip,DF,Liverpool,30,1991,14,12,1092,12.1,1,0,1,1,0,0,3,0,0.7,0.7,0.3,1,28,59,2,0.08,0,0.08,0.08,0.08,0.06,0.02,0.08,0.06,0.08
334,Neal Maupay,FW,Everton,25,1996,27,11,1118,12.4,1,0,1,1,0,0,4,0,4.8,4.8,0.6,5.4,8,11,61,0.08,0,0.08,0.08,0.08,0.39,0.05,0.43,0.39,0.43
335,Kevin Mbabu,"DF,FW",Fulham,27,1995,6,1,144,1.6,0,1,1,0,0,0,1,0,0,0,0.4,0.4,4,8,11,0,0.62,0.62,0,0.62,0,0.25,0.25,0,0.25
336,Bryan Mbeumo,FW,Brentford,22,1999,38,36,2906,32.3,9,8,17,8,1,1,5,0,9.8,9,7.6,16.5,66,88,235,0.28,0.25,0.53,0.25,0.5,0.3,0.23,0.54,0.28,0.51
337,James McArthur,MF,Crystal Palace,34,1987,4,0,54,0.6,0,0,0,0,0,0,0,0,0,0,0,0,0,1,0,0,0,0,0,0,0,0,0,0,0
338,Alex McCarthy,GK,Southampton,32,1989,6,6,540,6,0,0,0,0,0,0,0,0,0,0,0,0,0,0,0,0,0,0,0,0,0,0,0,0,0
339,John McGinn,"MF,FW",Aston Villa,27,1994,34,30,2693,29.9,1,3,4,1,0,0,7,0,2.4,2.4,2.6,5,34,140,66,0.03,0.1,0.13,0.03,0.13,0.08,0.09,0.17,0.08,0.17
340,Scott McKenna,DF,Nott'ham Forest,25,1996,20,19,1571,17.5,0,0,0,0,0,0,4,0,0.1,0.1,1,1.1,5,35,2,0,0,0,0,0,0,0.06,0.06,0,0.06
341,Weston McKennie,MF,Leeds United,23,1998,19,16,1437,16,0,1,1,0,0,0,7,0,0.8,0.8,0.7,1.4,14,82,33,0,0.06,0.06,0,0.06,0.05,0.04,0.09,0.05,0.09
342,Dwight McNeil,"FW,MF",Everton,22,1999,36,28,2498,27.8,7,3,10,7,0,0,5,0,3.5,3.5,6.1,9.6,76,69,128,0.25,0.11,0.36,0.25,0.36,0.13,0.22,0.35,0.13,0.35
343,Scott McTominay,MF,Manchester Utd,25,1996,24,10,1160,12.9,1,0,1,1,0,0,8,0,1.9,1.9,0.6,2.5,20,33,19,0.08,0,0.08,0.08,0.08,0.15,0.04,0.19,0.15,0.19
344,Ben Mee,DF,Brentford,32,1989,37,37,3269,36.3,3,1,4,3,0,0,2,0,3.2,3.2,1.3,4.5,8,84,14,0.08,0.03,0.11,0.08,0.11,0.09,0.04,0.12,0.09,0.12
345,Edouard Mendy,GK,Chelsea,30,1992,10,9,855,9.5,0,0,0,0,0,0,1,0,0,0,0,0,0,0,0,0,0,0,0,0,0,0,0,0,0
346,Nampalys Mendy,MF,Leicester City,30,1992,19,7,757,8.4,1,0,1,1,0,0,1,0,0.1,0.1,0,0.2,2,28,4,0.12,0,0.12,0.12,0.12,0.02,0,0.02,0.02,0.02
347,Chris Mepham,DF,Bournemouth,24,1997,26,24,2199,24.4,0,0,0,0,0,0,7,0,0.7,0.7,0.2,0.9,2,42,1,0,0,0,0,0,0.03,0.01,0.04,0.03,0.04
348,Illan Meslier,GK,Leeds United,22,2000,34,34,3060,34,0,0,0,0,0,0,3,0,0.1,0.1,0,0.1,0,0,0,0,0,0,0,0,0,0,0,0,0
349,Alexander Mighten,FW,Nott'ham Forest,20,2002,1,0,8,0.1,0,0,0,0,0,0,0,0,0,0,0,0,0,0,1,0,0,0,0,0,0,0,0,0,0
350,Lewis Miley,MF,Newcastle Utd,16,2006,1,0,15,0.2,0,0,0,0,0,0,0,0,0.1,0.1,0,0.1,0,0,0,0,0,0,0,0,0.42,0,0.42,0.42,0.42
351,Luka Milivojević,MF,Crystal Palace,31,1991,18,5,512,5.7,0,0,0,0,0,0,2,0,0.3,0.3,0.2,0.5,2,20,2,0,0,0,0,0,0.06,0.03,0.09,0.06,0.09
352,James Milner,"MF,DF",Liverpool,36,1986,31,7,913,10.1,0,1,1,0,0,0,2,0,0.4,0.4,0.9,1.3,21,70,78,0,0.1,0.1,0,0.1,0.04,0.09,0.13,0.04,0.13
353,Yerry Mina,DF,Everton,27,1994,7,7,594,6.6,2,0,2,2,0,0,2,0,1.5,1.5,0.1,1.6,1,13,3,0.3,0,0.3,0.3,0.3,0.22,0.02,0.24,0.22,0.24
354,Tyrone Mings,DF,Aston Villa,29,1993,35,35,3150,35,1,2,3,1,0,0,7,0,1.2,1.2,1.4,2.6,20,111,7,0.03,0.06,0.09,0.03,0.09,0.03,0.04,0.07,0.03,0.07
355,Tyrick Mitchell,DF,Crystal Palace,22,1999,36,34,2891,32.1,0,2,2,0,0,0,5,1,0.6,0.6,1.2,1.8,23,106,90,0,0.06,0.06,0,0.06,0.02,0.04,0.05,0.02,0.05
356,Kaoru Mitoma,"FW,MF",Brighton,25,1997,33,24,2318,25.8,7,5,12,7,0,0,0,0,8.1,8.1,6.4,14.5,143,90,260,0.27,0.19,0.47,0.27,0.47,0.31,0.25,0.56,0.31,0.56
357,Aleksandar Mitrović,FW,Fulham,27,1994,24,23,2008,22.3,14,1,15,10,4,8,7,0,14.9,8.6,2.3,10.9,24,44,97,0.63,0.04,0.67,0.45,0.49,0.67,0.1,0.77,0.39,0.49
358,Kieffer Moore,FW,Bournemouth,29,1992,27,12,1279,14.2,4,0,4,4,0,0,1,0,4.4,4.4,0.3,4.7,10,23,56,0.28,0,0.28,0.28,0.28,0.31,0.02,0.33,0.31,0.33
359,Andrew Moran,FW,Brighton,18,2003,1,0,12,0.1,0,0,0,0,0,0,0,0,0,0,0,0,0,0,1,0,0,0,0,0,0,0,0,0,0
360,Álex Moreno,DF,Aston Villa,29,1993,19,14,1329,14.8,0,3,3,0,0,0,3,0,0.6,0.6,3,3.7,65,37,122,0,0.2,0.2,0,0.2,0.04,0.21,0.25,0.04,0.25
361,Mason Mount,"MF,FW",Chelsea,23,1999,24,20,1648,18.3,3,2,5,3,0,0,4,0,2,2,3,5,48,98,114,0.16,0.11,0.27,0.16,0.27,0.11,0.16,0.27,0.11,0.27
362,Lucas Moura,"MF,DF",Tottenham,29,1992,15,0,153,1.7,1,0,1,1,0,0,0,1,0.5,0.5,0.3,0.9,4,13,15,0.59,0,0.59,0.59,0.59,0.32,0.2,0.52,0.32,0.52
363,João Moutinho,MF,Wolves,35,1986,31,20,1780,19.8,0,2,2,0,0,0,3,0,1.3,1.3,2.6,3.9,23,132,32,0,0.1,0.1,0,0.1,0.07,0.13,0.2,0.07,0.2
364,Divin Mubama,FW,West Ham,17,2004,3,0,38,0.4,0,0,0,0,0,0,0,0,0,0,0,0,0,0,1,0,0,0,0,0,0,0.07,0.07,0,0.07
365,Mykhailo Mudryk,"FW,MF",Chelsea,21,2001,15,7,657,7.3,0,2,2,0,0,0,1,0,1.9,1.9,0.9,2.8,25,20,43,0,0.27,0.27,0,0.27,0.25,0.13,0.38,0.25,0.38
366,Jacob Murphy,FW,Newcastle Utd,27,1995,36,14,1251,13.9,4,2,6,4,0,0,0,0,3.3,3.3,2.8,6.1,66,57,141,0.29,0.14,0.43,0.29,0.43,0.24,0.2,0.44,0.24,0.44
367,Enock Mwepu,"FW,MF",Brighton,24,1998,6,2,213,2.4,0,1,1,0,0,0,0,0,0.2,0.2,0.5,0.7,5,6,17,0,0.42,0.42,0,0.42,0.09,0.2,0.29,0.09,0.29
368,Vitaliy Mykolenko,DF,Everton,23,1999,34,30,2655,29.5,0,0,0,0,0,0,4,0,0.5,0.5,1.2,1.8,31,100,72,0,0,0,0,0,0.02,0.04,0.06,0.02,0.06
369,Keylor Navas,GK,Nott'ham Forest,35,1986,17,17,1529,17,0,0,0,0,0,0,2,0,0,0,0,0,0,1,0,0,0,0,0,0,0,0,0,0,0
370,Wilfred Ndidi,MF,Leicester City,25,1996,27,19,1679,18.7,0,0,0,0,0,0,4,0,0.2,0.2,0.1,0.3,11,51,7,0,0,0,0,0,0.01,0,0.01,0.01,0.01
371,Reiss Nelson,FW,Arsenal,22,1999,11,0,212,2.4,3,2,5,3,0,0,0,0,1.1,1.1,1.4,2.5,19,6,34,1.27,0.85,2.12,1.27,2.12,0.46,0.58,1.04,0.46,1.04
372,Neto,GK,Bournemouth,33,1989,27,27,2385,26.5,0,0,0,0,0,0,4,0,0,0,0,0,0,0,0,0,0,0,0,0,0,0,0,0,0
373,Pedro Neto,"FW,MF",Wolves,22,2000,18,13,964,10.7,0,0,0,0,0,0,1,0,1.1,1.1,2.1,3.2,37,24,111,0,0,0,0,0,0.1,0.2,0.3,0.1,0.3
374,Rúben Neves,MF,Wolves,25,1997,35,33,3019,33.5,6,1,7,3,3,3,12,0,5.2,2.8,1.6,4.4,28,218,18,0.18,0.03,0.21,0.09,0.12,0.15,0.05,0.2,0.08,0.13
375,Moussa Niakhate,DF,Nott'ham Forest,26,1996,14,14,1163,12.9,0,0,0,0,0,0,1,0,0.6,0.6,0.1,0.7,2,15,3,0,0,0,0,0,0.05,0.01,0.06,0.05,0.06
376,Rasmus Nissen,DF,Leeds United,25,1997,26,21,1960,21.8,3,1,4,3,0,0,4,0,0.8,0.8,1,1.9,15,89,70,0.14,0.05,0.18,0.14,0.18,0.04,0.05,0.09,0.04,0.09
377,Eddie Nketiah,FW,Arsenal,23,1999,30,9,1089,12.1,4,1,5,4,0,0,3,0,8.2,8.2,1.3,9.5,32,15,82,0.33,0.08,0.41,0.33,0.41,0.68,0.11,0.78,0.68,0.78
378,Matheus Nunes,MF,Wolves,23,1998,34,30,2467,27.4,1,1,2,1,0,0,2,1,2.4,2.4,2.2,4.7,59,84,129,0.04,0.04,0.07,0.04,0.07,0.09,0.08,0.17,0.09,0.17
379,Darwin Núñez,FW,Liverpool,23,1999,29,19,1695,18.8,9,3,12,9,0,0,1,1,12.1,12.1,5.4,17.5,61,29,181,0.48,0.16,0.64,0.48,0.64,0.64,0.28,0.93,0.64,0.93
380,Ethan Nwaneri,FW,Arsenal,15,2007,1,0,1,0,0,0,0,0,0,0,0,0,0,0,0,0,0,0,0,0,0,0,0,0,0,0,0,0,0
381,Christian Nørgaard,MF,Brentford,28,1994,22,21,1763,19.6,1,3,4,1,0,0,6,0,1.6,1.6,3.1,4.7,4,73,8,0.05,0.15,0.2,0.05,0.2,0.08,0.16,0.24,0.08,0.24
382,Lewis O'Brien,MF,Nott'ham Forest,23,1998,13,6,584,6.5,1,0,1,1,0,0,2,0,0.3,0.3,0.2,0.5,13,21,3,0.15,0,0.15,0.15,0.15,0.05,0.03,0.08,0.05,0.08
383,Odeluga Offiah,DF,Brighton,19,2002,2,0,25,0.3,0,0,0,0,0,0,0,0,0,0,0,0,1,1,1,0,0,0,0,0,0,0,0,0,0
384,Angelo Ogbonna,DF,West Ham,34,1988,16,13,1237,13.7,0,0,0,0,0,0,0,0,0.3,0.3,0.2,0.5,0,11,2,0,0,0,0,0,0.02,0.02,0.03,0.02,0.03
385,Michael Olise,"FW,MF",Crystal Palace,20,2001,37,31,2749,30.5,2,11,13,2,0,0,2,0,2.9,2.9,8.7,11.6,111,133,243,0.07,0.36,0.43,0.07,0.43,0.09,0.29,0.38,0.09,0.38
386,Robin Olsen,GK,Aston Villa,32,1990,4,2,281,3.1,0,0,0,0,0,0,0,0,0,0,0,0,0,0,0,0,0,0,0,0,0,0,0,0,0
387,Amadou Onana,MF,Everton,20,2001,33,29,2488,27.6,1,2,3,1,0,0,9,0,3,3,2.6,5.6,27,79,49,0.04,0.07,0.11,0.04,0.11,0.11,0.09,0.2,0.11,0.2
388,Josh Onomah,MF,Fulham,25,1997,2,0,15,0.2,0,0,0,0,0,0,0,0,0,0,0,0,1,0,0,0,0,0,0,0,0,0,0,0,0
389,Paul Onuachu,FW,Southampton,28,1994,11,4,407,4.5,0,0,0,0,0,0,0,0,1.3,1.3,0.1,1.4,1,7,22,0,0,0,0,0,0.28,0.03,0.31,0.28,0.31
390,Frank Onyeka,MF,Brentford,24,1998,21,8,848,9.4,0,2,2,0,0,0,0,0,1,1,0.6,1.7,9,28,21,0,0.21,0.21,0,0.21,0.11,0.07,0.18,0.11,0.18
391,Mislav Oršić,MF,Southampton,29,1992,1,0,7,0.1,0,0,0,0,0,0,0,0,0,0,0,0,0,0,0,0,0,0,0,0,0,0,0,0,0
392,Stefan Ortega,GK,Manchester City,29,1992,3,3,270,3,0,0,0,0,0,0,0,0,0,0,0,0,0,0,0,0,0,0,0,0,0,0,0,0,0
393,Dango Ouattara,"MF,FW",Bournemouth,20,2002,19,15,1241,13.8,1,3,4,1,0,0,1,0,3.6,3.6,2.5,6.1,39,23,87,0.07,0.22,0.29,0.07,0.29,0.26,0.18,0.44,0.26,0.44
394,Alex Oxlade-Chamberlain,"FW,MF",Liverpool,28,1993,9,4,335,3.7,1,0,1,1,0,0,0,0,1.3,1.3,0.9,2.2,11,14,28,0.27,0,0.27,0.27,0.27,0.35,0.23,0.58,0.35,0.58
395,David Ozoh,FW,Crystal Palace,17,2005,1,0,1,0,0,0,0,0,0,0,0,0,0,0,0,0,0,0,0,0,0,0,0,0,0,0,0,0,0
396,João Palhinha,MF,Fulham,27,1995,35,35,3108,34.5,3,0,3,3,0,0,14,0,2.9,2.9,0.4,3.3,8,101,18,0.09,0,0.09,0.09,0.09,0.08,0.01,0.1,0.08,0.1
397,Cole Palmer,"MF,FW",Manchester City,20,2002,14,2,370,4.1,0,1,1,0,0,0,1,0,1.2,1.2,0.6,1.8,29,13,40,0,0.24,0.24,0,0.24,0.3,0.14,0.44,0.3,0.44
398,Emerson Palmieri,DF,West Ham,27,1994,22,16,1320,14.7,1,0,1,1,0,0,2,0,0.8,0.8,0.9,1.7,38,45,57,0.07,0,0.07,0.07,0.07,0.05,0.06,0.12,0.05,0.12
399,Lucas Paquetá,MF,West Ham,24,1997,28,27,2151,23.9,4,3,7,3,1,1,5,0,4.4,3.6,2.5,6.1,25,147,63,0.17,0.13,0.29,0.13,0.25,0.18,0.1,0.29,0.15,0.25
400,Thomas Partey,MF,Arsenal,29,1993,33,28,2483,27.6,3,0,3,3,0,0,5,0,2.2,2.2,1.5,3.8,34,231,35,0.11,0,0.11,0.11,0.11,0.08,0.06,0.14,0.08,0.14
401,Nathan Patterson,"DF,MF",Everton,20,2001,19,14,1279,14.2,0,0,0,0,0,0,3,0,0.5,0.5,0.4,0.9,16,24,51,0,0,0,0,0,0.03,0.03,0.07,0.03,0.07
402,Ben Pearson,MF,Bournemouth,27,1995,7,3,286,3.2,0,0,0,0,0,0,1,0,0,0,0,0,2,5,4,0,0,0,0,0,0.01,0,0.01,0.01,0.01
403,Facundo Pellistri,"FW,MF",Manchester Utd,20,2001,4,0,64,0.7,0,0,0,0,0,0,0,0,0,0,0,0,1,1,2,0,0,0,0,0,0,0,0,0,0
404,Andreas Pereira,MF,Fulham,26,1996,33,33,2692,29.9,4,6,10,3,1,1,8,0,7.3,6.5,5.2,11.7,53,121,133,0.13,0.2,0.33,0.1,0.3,0.24,0.17,0.42,0.22,0.39
405,Ricardo Pereira,"DF,MF",Leicester City,28,1993,10,5,454,5,1,1,2,1,0,0,2,0,0.1,0.1,0.6,0.7,5,27,14,0.2,0.2,0.4,0.2,0.4,0.02,0.12,0.14,0.02,0.14
406,Ayoze Pérez,"MF,FW",Leicester City,29,1993,8,3,382,4.2,0,1,1,0,0,0,0,0,1.1,1.1,1.5,2.6,17,20,43,0,0.24,0.24,0,0.24,0.27,0.35,0.62,0.27,0.62
407,Ivan Perišić,"DF,MF",Tottenham,33,1989,34,23,2108,23.4,1,8,9,1,0,0,6,0,2.6,2.6,6.1,8.8,87,61,181,0.04,0.34,0.38,0.04,0.38,0.11,0.26,0.37,0.11,0.37
408,Romain Perraud,DF,Southampton,24,1997,29,22,1835,20.4,2,2,4,2,0,0,4,0,1.3,1.3,1.9,3.2,33,62,122,0.1,0.1,0.2,0.1,0.2,0.06,0.09,0.16,0.06,0.16
409,Máximo Perrone,MF,Manchester City,19,2003,1,0,19,0.2,0,0,0,0,0,0,0,0,0,0,0,0,0,2,1,0,0,0,0,0,0,0,0,0,0
410,Cameron Peupion,MF,Brighton,19,2002,1,0,6,0.1,0,0,0,0,0,0,0,0,0.1,0.1,0,0.1,0,0,2,0,0,0,0,0,0.9,0,0.9,0.9,0.9
411,Kalvin Phillips,MF,Manchester City,26,1995,12,2,300,3.3,0,0,0,0,0,0,1,0,0.3,0.3,0.2,0.5,1,18,2,0,0,0,0,0,0.1,0.05,0.14,0.1,0.14
412,Nathaniel Phillips,DF,Liverpool,25,1997,2,1,66,0.7,0,0,0,0,0,0,0,0,0,0,0,0,0,9,0,0,0,0,0,0,0.06,0,0.06,0.06,0.06
413,Jordan Pickford,GK,Everton,28,1994,37,37,3330,37,0,1,1,0,0,0,6,0,0,0,0.1,0.1,0,2,0,0,0.03,0.03,0,0.03,0,0,0,0,0
414,Ethan Pinnock,DF,Brentford,29,1993,30,30,2700,30,3,0,3,3,0,0,0,0,3,3,1,4,2,52,16,0.1,0,0.1,0.1,0.1,0.1,0.03,0.13,0.1,0.13
415,Daniel Podence,"FW,MF",Wolves,26,1995,32,20,1771,19.7,6,0,6,6,0,0,5,0,3.9,3.9,2.5,6.4,43,95,148,0.3,0,0.3,0.3,0.3,0.2,0.13,0.33,0.2,0.33
416,Nick Pope,GK,Newcastle Utd,30,1992,37,37,3261,36.2,0,0,0,0,0,0,3,1,0,0,0.1,0.1,0,1,0,0,0,0,0,0,0,0,0,0,0
417,Pedro Porro,"DF,MF",Tottenham,22,1999,15,13,1131,12.6,3,3,6,3,0,0,0,0,1.8,1.8,3,4.8,34,39,95,0.24,0.24,0.48,0.24,0.48,0.15,0.24,0.38,0.15,0.38
418,Dennis Praet,"MF,FW",Leicester City,28,1994,22,6,649,7.2,1,0,1,1,0,0,1,0,1,1,0.5,1.5,15,17,42,0.14,0,0.14,0.14,0.14,0.14,0.06,0.21,0.14,0.21
419,Isaac Price,MF,Everton,18,2003,1,0,33,0.4,0,0,0,0,0,0,1,0,0,0,0.1,0.1,1,1,0,0,0,0,0,0,0,0.26,0.26,0,0.26
420,Christian Pulisic,"FW,DF",Chelsea,23,1998,24,8,821,9.1,1,1,2,1,0,0,1,0,1.7,1.7,0.7,2.4,35,23,76,0.11,0.11,0.22,0.11,0.22,0.19,0.07,0.26,0.19,0.26
421,Aaron Ramsdale,GK,Arsenal,24,1998,38,38,3420,38,0,0,0,0,0,0,1,0,0,0,0,0,0,8,0,0,0,0,0,0,0,0,0,0,0
422,Jacob Ramsey,"MF,FW",Aston Villa,21,2001,35,31,2636,29.3,6,7,13,6,0,0,5,0,5,5,5.1,10.1,94,98,119,0.2,0.24,0.44,0.2,0.44,0.17,0.17,0.34,0.17,0.34
423,Marcus Rashford,FW,Manchester Utd,24,1997,35,32,2879,32,17,5,22,17,0,0,2,0,15.4,15.4,3.4,18.8,85,88,245,0.53,0.16,0.69,0.53,0.69,0.48,0.11,0.59,0.48,0.59
424,David Raya,GK,Brentford,26,1995,38,38,3420,38,0,0,0,0,0,0,1,0,0.1,0.1,0.1,0.3,0,13,0,0,0,0,0,0,0,0,0.01,0,0.01
425,Tim Ream,DF,Fulham,34,1987,33,33,2897,32.2,1,0,1,1,0,0,2,0,0.3,0.3,0.1,0.4,28,142,2,0.03,0,0.03,0.03,0.03,0.01,0,0.01,0.01,0.01
426,Nathan Redmond,DF,Southampton,28,1994,1,0,1,0,0,0,0,0,0,0,0,0,0,0,0,0,0,0,1,0,0,0,0,0,0,0,0,0,0
427,Harrison Reed,MF,Fulham,27,1995,37,35,2866,31.8,3,4,7,3,0,0,5,0,1.9,1.9,4.1,6,30,102,107,0.09,0.13,0.22,0.09,0.22,0.06,0.13,0.19,0.06,0.19
428,Bobby Reid,"FW,DF",Fulham,29,1993,36,29,2475,27.5,4,1,5,4,0,0,8,0,3.9,3.9,1.7,5.6,46,63,186,0.15,0.04,0.18,0.15,0.18,0.14,0.06,0.2,0.14,0.2
429,Declan Rice,MF,West Ham,23,1999,37,36,3273,36.4,4,1,5,4,0,1,5,0,2.4,1.6,3.2,4.8,88,240,37,0.11,0.03,0.14,0.11,0.14,0.07,0.09,0.15,0.04,0.13
430,Chris Richards,DF,Crystal Palace,22,2000,9,4,447,5,0,0,0,0,0,0,0,0,0.7,0.7,0.3,1,4,14,3,0,0,0,0,0,0.14,0.05,0.2,0.14,0.2
431,Richarlison,"MF,FW",Tottenham,25,1997,27,12,1010,11.2,1,3,4,1,0,0,3,0,3.3,3.3,2.2,5.5,33,28,75,0.09,0.27,0.36,0.09,0.36,0.29,0.2,0.49,0.29,0.49
432,Jaïro Riedewald,"DF,MF",Crystal Palace,25,1996,6,0,64,0.7,0,0,0,0,0,0,0,0,0.1,0.1,0,0.1,1,1,1,0,0,0,0,0,0.1,0,0.1,0.1,0.1
433,Matt Ritchie,"FW,MF",Newcastle Utd,32,1989,7,0,39,0.4,0,0,0,0,0,0,0,0,0,0,0.1,0.1,1,1,9,0,0,0,0,0,0,0.24,0.24,0,0.24
434,Andrew Robertson,DF,Liverpool,28,1994,34,29,2583,28.7,0,8,8,0,0,0,3,0,1.3,1.3,6.1,7.4,80,166,194,0,0.28,0.28,0,0.28,0.05,0.21,0.26,0.05,0.26
435,Antonee Robinson,DF,Fulham,24,1997,35,35,3088,34.3,0,1,1,0,0,0,8,0,0.1,0.1,1.3,1.4,112,129,153,0,0.03,0.03,0,0.03,0,0.04,0.04,0,0.04
436,Joel Robles,GK,Leeds United,32,1990,4,4,360,4,0,0,0,0,0,0,1,0,0,0,0,0,0,0,0,0,0,0,0,0,0,0,0,0,0
437,Marc Roca,MF,Leeds United,25,1996,32,29,2315,25.7,1,2,3,1,0,0,7,0,2.1,2.1,2.9,5,25,172,28,0.04,0.08,0.12,0.04,0.12,0.08,0.11,0.19,0.08,0.19
438,Marek Rodák,GK,Fulham,25,1996,2,2,180,2,0,0,0,0,0,0,0,0,0,0,0,0,0,0,0,0,0,0,0,0,0,0,0,0,0
439,Rodri,MF,Manchester City,26,1996,36,34,2911,32.3,2,6,8,2,0,0,5,0,4.6,4.6,4.1,8.7,76,260,37,0.06,0.19,0.25,0.06,0.25,0.14,0.13,0.27,0.14,0.27
440,Rodrigo,"FW,MF",Leeds United,31,1991,31,23,1935,21.5,13,1,14,12,1,1,6,0,8.1,7.3,1.8,9.1,40,44,143,0.6,0.05,0.65,0.56,0.6,0.38,0.08,0.46,0.34,0.42
441,Mads Roerslev,DF,Brentford,23,1999,20,12,1108,12.3,0,0,0,0,0,0,0,0,0.3,0.3,1.2,1.5,8,19,36,0,0,0,0,0,0.03,0.1,0.12,0.03,0.12
442,Cristian Romero,DF,Tottenham,24,1998,27,26,2364,26.3,0,1,1,0,0,0,11,1,1.5,1.5,1.2,2.6,19,92,9,0,0.04,0.04,0,0.04,0.06,0.05,0.1,0.06,0.1
443,Oriol Romeu,MF,Southampton,30,1991,1,1,74,0.8,0,0,0,0,0,0,0,0,0,0,0,0,2,4,0,0,0,0,0,0,0,0,0,0,0
444,Cristiano Ronaldo,FW,Manchester Utd,37,1985,10,4,525,5.8,1,0,1,1,0,0,2,0,1.9,1.9,0.4,2.3,9,12,33,0.17,0,0.17,0.17,0.17,0.32,0.07,0.4,0.32,0.4
445,Connor Ronan,MF,Wolves,24,1998,1,0,1,0,0,0,0,0,0,0,0,0,0,0,0,0,0,0,1,0,0,0,0,0,0,0,0,0,0
446,Salomón Rondón,FW,Everton,32,1989,7,1,109,1.2,0,0,0,0,0,0,0,0,0.8,0.8,0.2,1,0,1,7,0,0,0,0,0,0.66,0.13,0.79,0.66,0.79
447,Joe Rothwell,MF,Bournemouth,27,1995,20,12,1016,11.3,0,1,1,0,0,0,1,0,0.2,0.2,1,1.2,12,33,12,0,0.09,0.09,0,0.09,0.01,0.09,0.1,0.01,0.1
448,Georginio Rutter,"FW,MF",Leeds United,20,2002,11,1,273,3,0,1,1,0,0,0,0,0,0.4,0.4,0.3,0.7,5,6,21,0,0.33,0.33,0,0.33,0.13,0.1,0.22,0.13,0.22
449,José Sá,GK,Wolves,29,1993,36,36,3240,36,0,0,0,0,0,0,2,0,0,0,0,0,0,0,0,0,0,0,0,0,0,0,0,0,0
450,Marcel Sabitzer,MF,Manchester Utd,28,1994,11,7,627,7,0,1,1,0,0,0,1,0,0.7,0.7,0.9,1.7,8,38,26,0,0.14,0.14,0,0.14,0.11,0.13,0.24,0.11,0.24
451,Allan Saint-Maximin,FW,Newcastle Utd,25,1997,25,12,1120,12.4,1,5,6,1,0,0,1,0,1.6,1.6,4.6,6.2,93,69,111,0.08,0.4,0.48,0.08,0.48,0.13,0.37,0.5,0.13,0.5
452,Bukayo Saka,FW,Arsenal,20,2001,38,37,3181,35.3,14,11,25,12,2,3,6,0,11.2,9.1,8.5,17.6,179,109,520,0.4,0.31,0.71,0.34,0.65,0.32,0.24,0.56,0.26,0.5
453,Mohamed Salah,FW,Liverpool,30,1992,38,37,3290,36.6,19,12,31,17,2,4,2,0,21.7,18.5,7.7,26.2,120,149,421,0.52,0.33,0.85,0.47,0.79,0.59,0.21,0.8,0.51,0.72
454,William Saliba,DF,Arsenal,21,2001,27,27,2415,26.8,2,1,3,2,0,0,4,0,0.9,0.9,1.2,2.1,13,99,2,0.07,0.04,0.11,0.07,0.11,0.03,0.04,0.08,0.03,0.08
455,Mohammed Salisu,DF,Southampton,23,1999,22,21,1973,21.9,0,1,1,0,0,0,5,0,1.5,1.5,0.6,2.1,5,82,4,0,0.05,0.05,0,0.05,0.07,0.03,0.1,0.07,0.1
456,Albert Sambi Lokonga,MF,Arsenal,22,1999,6,2,198,2.2,0,0,0,0,0,0,0,0,0,0,0,0,0,12,2,0,0,0,0,0,0,0.01,0.01,0,0.01
457,Albert Sambi Lokonga,MF,Crystal Palace,22,1999,9,6,536,6,0,0,0,0,0,0,2,0,0.2,0.2,0,0.2,2,20,2,0,0,0,0,0,0.03,0.01,0.03,0.03,0.03
458,Davinson Sánchez,DF,Tottenham,26,1996,18,8,858,9.5,0,0,0,0,0,0,1,0,0.6,0.6,0.4,1,5,35,4,0,0,0,0,0,0.07,0.04,0.11,0.07,0.11
459,Robert Sánchez,GK,Brighton,24,1997,23,23,2070,23,0,0,0,0,0,0,2,0,0,0,0,0,0,0,0,0,0,0,0,0,0,0,0,0,0
460,Jadon Sancho,"FW,MF",Manchester Utd,22,2000,26,21,1686,18.7,6,3,9,6,0,0,0,0,4.2,4.2,5,9.2,88,76,173,0.32,0.16,0.48,0.32,0.48,0.22,0.27,0.49,0.22,0.49
461,Morgan Sanson,MF,Aston Villa,27,1994,2,0,11,0.1,0,0,0,0,0,0,0,0,0,0,0,0,0,1,0,0,0,0,0,0,0,0,0,0,0
462,Pablo Sarabia,"FW,MF",Wolves,30,1992,13,9,765,8.5,1,0,1,1,0,0,3,0,3.1,3.1,0.8,3.9,17,41,54,0.12,0,0.12,0.12,0.12,0.36,0.09,0.46,0.36,0.46
463,Jeremy Sarmiento,MF,Brighton,20,2002,9,1,176,2,0,1,1,0,0,0,1,0,0.3,0.3,0.2,0.5,5,11,20,0,0.51,0.51,0,0.51,0.17,0.11,0.28,0.17,0.28
464,Gianluca Scamacca,FW,West Ham,23,1999,16,11,926,10.3,3,0,3,3,0,0,3,0,2.5,2.5,0.7,3.1,13,17,48,0.29,0,0.29,0.29,0.29,0.24,0.07,0.31,0.24,0.31
465,Gustavo Scarpa,"MF,FW",Nott'ham Forest,28,1994,6,2,181,2,0,0,0,0,0,0,1,0,0.3,0.3,0,0.3,9,12,4,0,0,0,0,0,0.13,0.02,0.14,0.13,0.14
466,Kevin Schade,FW,Brentford,20,2001,18,7,732,8.1,0,1,1,0,0,0,2,0,2.1,2.1,1.1,3.2,24,15,57,0,0.12,0.12,0,0.12,0.25,0.14,0.39,0.25,0.39
467,Fabian Schär,DF,Newcastle Utd,30,1991,36,36,3206,35.6,1,3,4,1,0,0,7,0,4.9,4.9,3.3,8.2,27,139,32,0.03,0.08,0.11,0.03,0.11,0.14,0.09,0.23,0.14,0.23
468,Jeffrey Schlupp,"MF,FW",Crystal Palace,29,1992,34,30,2531,28.1,3,1,4,3,0,0,7,0,3.2,3.2,1.4,4.6,32,98,67,0.11,0.04,0.14,0.11,0.14,0.11,0.05,0.17,0.11,0.17
469,Nélson Semedo,DF,Wolves,28,1993,36,31,2632,29.2,0,1,1,0,0,0,11,1,0.4,0.4,0.7,1.2,50,110,147,0,0.03,0.03,0,0.03,0.01,0.03,0.04,0.01,0.04
470,Antoine Semenyo,"FW,MF",Bournemouth,22,2000,11,2,258,2.9,1,0,1,1,0,0,0,0,0.3,0.3,0.1,0.4,5,5,11,0.35,0,0.35,0.35,0.35,0.09,0.03,0.12,0.09,0.12
471,Marcos Senesi,DF,Bournemouth,25,1997,31,29,2491,27.7,2,0,2,2,0,0,7,0,1.6,1.6,0.5,2.1,9,66,3,0.07,0,0.07,0.07,0.07,0.06,0.02,0.08,0.06,0.08
472,Ryan Sessegnon,DF,Tottenham,22,2000,17,9,813,9,2,0,2,2,0,0,4,0,1.6,1.6,1.1,2.7,24,22,64,0.22,0,0.22,0.22,0.22,0.18,0.12,0.3,0.18,0.3
473,Luke Shaw,DF,Manchester Utd,27,1995,31,30,2552,28.4,1,2,3,1,0,0,8,0,1.1,1.1,3.6,4.7,53,140,76,0.04,0.07,0.11,0.04,0.11,0.04,0.13,0.16,0.04,0.16
474,Jonjo Shelvey,MF,Newcastle Utd,30,1992,3,0,37,0.4,0,0,0,0,0,0,0,0,0,0,0,0,0,3,0,0,0,0,0,0,0,0,0,0,0
475,Jonjo Shelvey,MF,Nott'ham Forest,30,1992,8,6,540,6,0,0,0,0,0,0,2,0,0.2,0.2,0.3,0.5,1,34,0,0,0,0,0,0,0.03,0.05,0.08,0.03,0.08
476,Bernardo Silva,"MF,FW",Manchester City,27,1994,34,24,2205,24.5,4,5,9,4,0,0,5,0,2.2,2.2,3.3,5.4,90,130,188,0.16,0.2,0.37,0.16,0.37,0.09,0.13,0.22,0.09,0.22
477,Thiago Silva,DF,Chelsea,37,1984,27,26,2352,26.1,0,2,2,0,0,0,2,0,1.5,1.5,0.5,2,8,104,2,0,0.08,0.08,0,0.08,0.06,0.02,0.08,0.06,0.08
478,Ellis Simms,FW,Everton,21,2001,11,2,228,2.5,1,0,1,1,0,0,0,0,0.9,0.9,0.1,0.9,2,4,19,0.39,0,0.39,0.39,0.39,0.34,0.03,0.37,0.34,0.37
479,Luis Sinisterra,FW,Leeds United,23,1999,19,13,867,9.6,5,0,5,5,0,0,3,1,3.7,3.7,0.4,4.2,30,39,84,0.52,0,0.52,0.52,0.52,0.39,0.04,0.43,0.39,0.43
480,Oliver Skipp,MF,Tottenham,21,2000,23,18,1491,16.6,1,0,1,1,0,0,7,0,0.3,0.3,0.6,0.9,14,56,25,0.06,0,0.06,0.06,0.06,0.02,0.04,0.05,0.02,0.05
481,Adam Smith,DF,Bournemouth,31,1991,37,34,2943,32.7,0,1,1,0,0,0,11,0,0.5,0.5,1.3,1.8,28,83,54,0,0.03,0.03,0,0.03,0.02,0.04,0.05,0.02,0.05
482,Emile Smith Rowe,"MF,FW",Arsenal,22,2000,12,0,172,1.9,0,2,2,0,0,0,0,0,0.3,0.3,0.7,1,2,7,11,0,1.05,1.05,0,1.05,0.14,0.36,0.5,0.14,0.5
483,Cédric Soares,DF,Arsenal,30,1991,2,0,29,0.3,0,0,0,0,0,0,0,0,0,0,0,0,1,3,0,0,0,0,0,0,0,0,0,0,0
484,Cédric Soares,DF,Fulham,30,1991,6,2,198,2.2,0,0,0,0,0,0,0,0,0.1,0.1,0.3,0.4,4,12,12,0,0,0,0,0,0.03,0.13,0.16,0.03,0.16
485,Dominic Solanke,"FW,MF",Bournemouth,24,1997,33,32,2860,31.8,6,7,13,6,0,0,2,0,9.1,9.1,3.9,13,70,47,167,0.19,0.22,0.41,0.19,0.41,0.29,0.12,0.41,0.29,0.41
486,Manor Solomon,FW,Fulham,23,1999,19,4,572,6.4,4,0,4,4,0,0,0,0,1.2,1.2,0.4,1.6,16,24,51,0.63,0,0.63,0.63,0.63,0.19,0.06,0.26,0.19,0.26
487,Tomáš Souček,MF,West Ham,27,1995,36,32,2815,31.3,2,3,5,2,0,0,3,0,4,4,1.9,6,11,88,52,0.06,0.1,0.16,0.06,0.16,0.13,0.06,0.19,0.13,0.19
488,Boubakary Soumaré,MF,Leicester City,23,1999,26,20,1629,18.1,0,0,0,0,0,0,9,0,0,0,0.4,0.4,17,73,20,0,0,0,0,0,0,0.02,0.02,0,0.02
489,Harry Souttar,DF,Leicester City,23,1998,12,11,992,11,0,1,1,0,0,0,2,0,1.4,1.4,0.2,1.6,6,29,4,0,0.09,0.09,0,0.09,0.13,0.02,0.15,0.13,0.15
490,Çağlar Söyüncü,DF,Leicester City,26,1996,7,6,529,5.9,1,0,1,1,0,0,2,0,0.4,0.4,0.1,0.5,5,12,0,0.17,0,0.17,0.17,0.17,0.07,0.01,0.08,0.07,0.08
491,Djed Spence,"FW,DF",Tottenham,21,2000,4,0,7,0.1,0,0,0,0,0,0,0,0,0.1,0.1,0,0.1,2,0,2,0,0,0,0,0,0.83,0,0.83,0.83,0.83
492,Jack Stacey,DF,Bournemouth,26,1996,10,3,299,3.3,0,0,0,0,0,0,2,0,0.1,0.1,0,0.1,9,2,15,0,0,0,0,0,0.03,0,0.03,0.03,0.03
493,Junior Stanislas,MF,Bournemouth,32,1989,4,0,61,0.7,0,0,0,0,0,0,0,0,0,0,0.1,0.2,0,4,5,0,0,0,0,0,0.05,0.19,0.25,0.05,0.25
494,Jay Stansfield,FW,Fulham,19,2002,3,1,87,1,0,0,0,0,0,0,0,0,0.3,0.3,0.1,0.3,2,0,4,0,0,0,0,0,0.26,0.09,0.35,0.26,0.35
495,Jason Steele,GK,Brighton,31,1990,15,15,1350,15,0,1,1,0,0,0,1,0,0,0,0.1,0.1,0,0,0,0,0.07,0.07,0,0.07,0,0.01,0.01,0,0.01
496,Jack Stephens,DF,Southampton,28,1994,2,0,46,0.5,0,0,0,0,0,0,0,0,0,0,0,0,3,3,0,0,0,0,0,0,0,0,0,0,0
497,Jack Stephens,DF,Bournemouth,28,1994,15,13,1173,13,0,0,0,0,0,0,3,0,0.4,0.4,0.2,0.6,7,34,3,0,0,0,0,0,0.03,0.02,0.05,0.03,0.05
498,Raheem Sterling,"FW,MF",Chelsea,27,1994,28,23,1891,21,6,3,9,6,0,0,4,0,6.2,6.2,4.6,10.8,81,59,186,0.29,0.14,0.43,0.29,0.43,0.29,0.22,0.51,0.29,0.51
499,John Stones,"DF,MF",Manchester City,28,1994,23,21,1846,20.5,2,2,4,2,0,0,2,0,1,1,1.4,2.4,28,101,34,0.1,0.1,0.2,0.1,0.2,0.05,0.07,0.12,0.05,0.12
500,Pascal Struijk,DF,Leeds United,22,1999,29,26,2200,24.4,2,1,3,2,0,0,5,0,1.4,1.4,2.4,3.7,24,119,53,0.08,0.04,0.12,0.08,0.12,0.06,0.1,0.15,0.06,0.15
501,Kamaldeen Sulemana,"FW,MF",Southampton,20,2002,18,10,966,10.7,2,1,3,2,0,0,1,0,1.7,1.7,1.3,3,32,36,80,0.19,0.09,0.28,0.19,0.28,0.16,0.12,0.28,0.16,0.28
502,Crysencio Summerville,FW,Leeds United,20,2001,28,12,1426,15.8,4,2,6,4,0,0,4,0,2.9,2.9,1.6,4.5,51,45,92,0.25,0.13,0.38,0.25,0.38,0.18,0.1,0.28,0.18,0.28
503,Sam Surridge,FW,Nott'ham Forest,24,1998,20,1,323,3.6,1,0,1,1,0,0,2,0,1.8,1.8,0.1,1.8,2,6,17,0.28,0,0.28,0.28,0.28,0.5,0.02,0.51,0.5,0.51
504,Japhet Tanganga,DF,Tottenham,23,1999,4,2,146,1.6,0,0,0,0,0,0,0,0,0,0,0,0,1,5,2,0,0,0,0,0,0,0,0,0,0
505,Matt Targett,DF,Newcastle Utd,26,1995,17,6,610,6.8,0,0,0,0,0,0,1,0,0,0,0.4,0.4,3,43,13,0,0,0,0,0,0,0.06,0.07,0,0.07
506,James Tarkowski,DF,Everton,29,1992,38,38,3420,38,1,1,2,1,0,0,6,0,3.1,3.1,2.9,6,13,106,11,0.03,0.03,0.05,0.03,0.05,0.08,0.08,0.16,0.08,0.16
507,Marcus Tavernier,"MF,FW",Bournemouth,23,1999,23,19,1743,19.4,5,4,9,5,0,0,1,0,3.1,3.1,2.9,6,67,56,137,0.26,0.21,0.46,0.26,0.46,0.16,0.15,0.31,0.16,0.31
508,Tetê,FW,Leicester City,22,2000,13,9,734,8.2,1,0,1,1,0,0,0,0,1.8,1.8,0.4,2.2,22,26,55,0.12,0,0.12,0.12,0.12,0.22,0.05,0.27,0.22,0.27
509,Kenny Tete,DF,Fulham,26,1995,31,29,2569,28.5,1,5,6,1,0,0,8,0,0.7,0.7,1.9,2.5,75,103,69,0.04,0.18,0.21,0.04,0.21,0.02,0.07,0.09,0.02,0.09
510,Luke Thomas,DF,Leicester City,21,2001,17,11,1073,11.9,0,0,0,0,0,0,3,0,0.1,0.1,0.7,0.8,10,48,13,0,0,0,0,0,0.01,0.06,0.07,0.01,0.07
511,Youri Tielemans,MF,Leicester City,25,1997,31,27,2344,26,3,2,5,2,1,2,4,0,2.5,0.9,4.7,5.6,35,181,56,0.12,0.08,0.19,0.08,0.15,0.1,0.18,0.28,0.04,0.21
512,Kieran Tierney,DF,Arsenal,25,1997,27,6,795,8.8,0,1,1,0,0,0,0,0,0.3,0.3,0.3,0.7,25,36,31,0,0.11,0.11,0,0.11,0.04,0.04,0.08,0.04,0.08
513,Harry Toffolo,DF,Nott'ham Forest,26,1995,19,9,940,10.4,0,0,0,0,0,0,2,0,0.3,0.3,0.8,1,8,29,43,0,0,0,0,0,0.03,0.07,0.1,0.03,0.1
514,Takehiro Tomiyasu,DF,Arsenal,23,1998,21,6,663,7.4,0,1,1,0,0,0,2,0,0.2,0.2,0.6,0.8,14,51,28,0,0.14,0.14,0,0.14,0.03,0.08,0.11,0.03,0.11
515,James Tomkins,DF,Crystal Palace,33,1989,6,3,338,3.8,1,0,1,1,0,0,3,1,1,1,0,1,1,2,1,0.27,0,0.27,0.27,0.27,0.27,0,0.27,0.27,0.27
516,Ivan Toney,FW,Brentford,26,1996,33,33,2951,32.8,20,4,24,14,6,7,9,0,18.7,13.2,5.1,18.3,14,79,165,0.61,0.12,0.73,0.43,0.55,0.57,0.15,0.73,0.4,0.56
517,Adama Traoré,"FW,MF",Wolves,26,1996,34,12,1496,16.6,2,1,3,2,0,0,2,0,1.4,1.4,3.7,5.1,85,36,156,0.12,0.06,0.18,0.12,0.18,0.08,0.23,0.31,0.08,0.31
518,Bertrand Traoré,"FW,MF",Aston Villa,26,1995,8,1,233,2.6,2,0,2,2,0,0,1,0,0.7,0.7,0.1,0.8,9,9,28,0.77,0,0.77,0.77,0.77,0.28,0.03,0.3,0.28,0.3
519,Boubacar Traoré,MF,Wolves,20,2001,10,4,411,4.6,0,1,1,0,0,0,2,0,0.1,0.1,0.2,0.2,4,8,2,0,0.22,0.22,0,0.22,0.01,0.04,0.05,0.01,0.05
520,Mark Travers,GK,Bournemouth,23,1999,12,11,1035,11.5,0,0,0,0,0,0,0,0,0,0,0,0,0,0,0,0,0,0,0,0,0,0,0,0,0
521,Kieran Trippier,DF,Newcastle Utd,31,1990,38,38,3341,37.1,1,7,8,1,0,0,5,0,0.9,0.9,12.4,13.3,45,260,151,0.03,0.19,0.22,0.03,0.22,0.02,0.33,0.36,0.02,0.36
522,Leandro Trossard,FW,Arsenal,27,1994,20,10,931,10.3,1,10,11,1,0,0,0,0,1.8,1.8,4.7,6.6,36,57,102,0.1,0.97,1.06,0.1,1.06,0.18,0.46,0.64,0.18,0.64
523,Leandro Trossard,"FW,MF",Brighton,27,1994,16,16,1315,14.6,7,2,9,7,0,0,1,0,4.4,4.4,2.1,6.5,40,67,118,0.48,0.14,0.62,0.48,0.62,0.3,0.14,0.45,0.3,0.45
524,Kostas Tsimikas,DF,Liverpool,26,1996,20,9,771,8.6,0,4,4,0,0,0,3,0,0.6,0.6,1.6,2.3,23,26,77,0,0.47,0.47,0,0.47,0.07,0.19,0.26,0.07,0.26
525,Deniz Undav,"FW,MF",Brighton,26,1996,22,6,628,7,5,0,5,5,0,0,2,0,4.5,4.5,1.1,5.6,12,10,40,0.72,0,0.72,0.72,0.72,0.65,0.15,0.8,0.65,0.8
526,Yan Valery,DF,Southampton,23,1999,1,1,45,0.5,0,0,0,0,0,0,0,0,0,0,0,0,0,0,0,0,0,0,0,0,0,0,0,0,0
527,Virgil van Dijk,DF,Liverpool,31,1991,32,32,2835,31.5,3,1,4,3,0,0,3,0,2.6,2.6,1.2,3.8,10,127,8,0.1,0.03,0.13,0.1,0.13,0.08,0.04,0.12,0.08,0.12
528,Raphaël Varane,DF,Manchester Utd,29,1993,24,22,1911,21.2,0,0,0,0,0,0,1,0,0.7,0.7,0.2,0.9,17,63,4,0,0,0,0,0,0.03,0.01,0.04,0.03,0.04
529,Jamie Vardy,FW,Leicester City,35,1987,37,19,1857,20.6,3,4,7,3,0,1,1,0,6.7,5.9,1.4,7.3,16,14,101,0.15,0.19,0.34,0.15,0.34,0.33,0.07,0.39,0.29,0.35
530,Joël Veltman,DF,Brighton,30,1992,31,25,2188,24.3,1,1,2,1,0,0,6,0,1.8,1.8,0.7,2.5,43,153,49,0.04,0.04,0.08,0.04,0.08,0.07,0.03,0.1,0.07,0.1
531,Fabio Vieira,"MF,FW",Arsenal,22,2000,22,3,514,5.7,1,2,3,1,0,0,0,0,0.8,0.8,2.5,3.3,8,35,40,0.18,0.35,0.53,0.18,0.53,0.15,0.44,0.58,0.15,0.58
532,Matías Viña,DF,Bournemouth,24,1997,12,5,458,5.1,2,0,2,2,0,0,1,0,0.9,0.9,0.2,1,10,17,19,0.39,0,0.39,0.39,0.39,0.17,0.03,0.2,0.17,0.2
533,Rúben Vinagre,"DF,MF",Everton,23,1999,2,0,26,0.3,0,0,0,0,0,0,0,0,0,0,0,0,2,0,1,0,0,0,0,0,0,0,0,0,0
534,Carlos Vinícius,FW,Fulham,27,1995,28,11,1109,12.3,5,2,7,5,0,0,3,0,3.3,3.3,0.8,4.1,9,15,46,0.41,0.16,0.57,0.41,0.57,0.27,0.06,0.33,0.27,0.33
535,Theo Walcott,"FW,MF",Southampton,33,1989,20,13,1129,12.5,2,2,4,2,0,0,1,0,2.2,2.2,2,4.2,21,14,62,0.16,0.16,0.32,0.16,0.32,0.18,0.16,0.33,0.18,0.33
536,Kyle Walker,DF,Manchester City,32,1990,27,22,1958,21.8,0,0,0,0,0,0,3,0,0.4,0.4,0.2,0.7,50,162,75,0,0,0,0,0,0.02,0.01,0.03,0.02,0.03
537,Kyle Walker-Peters,DF,Southampton,25,1997,31,30,2650,29.4,1,0,1,1,0,0,4,0,1,1,1.4,2.5,102,97,114,0.03,0,0.03,0.03,0.03,0.03,0.05,0.08,0.03,0.08
538,Aaron Wan-Bissaka,DF,Manchester Utd,24,1997,19,16,1435,15.9,0,0,0,0,0,0,2,0,1.2,1.2,1,2.2,41,55,64,0,0,0,0,0,0.07,0.06,0.14,0.07,0.14
539,Danny Ward,GK,Leicester City,29,1993,26,26,2340,26,0,0,0,0,0,0,0,0,0,0,0,0,0,0,0,0,0,0,0,0,0,0,0,0,0
540,Joel Ward,DF,Crystal Palace,32,1989,28,24,2256,25.1,1,0,1,1,0,0,6,0,1.1,1.1,0.4,1.5,22,101,46,0.04,0,0.04,0.04,0.04,0.04,0.02,0.06,0.04,0.06
541,James Ward-Prowse,MF,Southampton,27,1994,38,38,3371,37.5,9,4,13,7,2,4,6,0,5.7,2.5,6.2,8.7,19,189,58,0.24,0.11,0.35,0.19,0.29,0.15,0.17,0.32,0.07,0.23
542,Ollie Watkins,FW,Aston Villa,26,1995,37,36,3127,34.7,15,6,21,14,1,2,4,0,16.5,14.9,3.8,18.7,50,39,196,0.43,0.17,0.6,0.4,0.58,0.47,0.11,0.58,0.43,0.54
543,Adam Webster,DF,Brighton,27,1995,27,23,1985,22.1,0,0,0,0,0,0,2,0,1.8,1.8,0.2,1.9,19,119,9,0,0,0,0,0,0.08,0.01,0.09,0.08,0.09
544,Wout Weghorst,"FW,MF",Manchester Utd,29,1992,17,10,797,8.9,0,1,1,0,0,0,1,0,2,2,1.2,3.2,3,17,41,0,0.11,0.11,0,0.11,0.23,0.13,0.36,0.23,0.36
545,Danny Welbeck,FW,Brighton,31,1990,31,21,1854,20.6,6,3,9,6,0,0,0,0,9.4,9.4,4.3,13.7,31,49,134,0.29,0.15,0.44,0.29,0.44,0.46,0.21,0.66,0.46,0.66
546,Ben White,DF,Arsenal,24,1997,38,36,3055,33.9,2,5,7,2,0,0,5,0,1.3,1.3,3.2,4.5,64,249,124,0.06,0.15,0.21,0.06,0.21,0.04,0.09,0.13,0.04,0.13
547,Harvey White,MF,Tottenham,20,2001,1,0,5,0.1,0,0,0,0,0,0,0,0,0,0,0,0,0,0,1,0,0,0,0,0,0,0,0,0,0
548,Joseph Whitworth,GK,Crystal Palace,18,2004,2,2,180,2,0,0,0,0,0,0,0,0,0,0,0,0,0,0,0,0,0,0,0,0,0,0,0,0,0
549,Neco Williams,DF,Nott'ham Forest,21,2001,31,20,1882,20.9,1,0,1,1,0,0,7,0,1.3,1.3,1.4,2.7,51,33,67,0.05,0,0.05,0.05,0.05,0.06,0.07,0.13,0.06,0.13
550,Willian,FW,Fulham,33,1988,27,25,2126,23.6,5,5,10,5,0,0,2,0,3.4,3.4,4.4,7.8,97,113,152,0.21,0.21,0.42,0.21,0.42,0.14,0.19,0.33,0.14,0.33
551,Joe Willock,MF,Newcastle Utd,22,1999,35,31,2558,28.4,3,6,9,3,0,0,1,0,7,7,6,13,97,121,152,0.11,0.21,0.32,0.11,0.32,0.25,0.21,0.46,0.25,0.46
552,Callum Wilson,FW,Newcastle Utd,30,1992,31,21,1877,20.9,18,5,23,15,3,3,4,0,17.5,15.1,2.7,17.8,27,19,118,0.86,0.24,1.1,0.72,0.96,0.84,0.13,0.97,0.72,0.85
553,Harry Wilson,FW,Fulham,25,1997,29,13,1100,12.2,2,3,5,2,0,0,1,0,2,2,0.9,2.9,18,37,87,0.16,0.25,0.41,0.16,0.41,0.16,0.07,0.24,0.16,0.24
554,Yoane Wissa,FW,Brentford,25,1996,38,16,1606,17.8,7,3,10,7,0,0,3,0,5.6,5.6,2.5,8.2,24,27,104,0.39,0.17,0.56,0.39,0.56,0.32,0.14,0.46,0.32,0.46
555,Maximilian Wöber,DF,Leeds United,24,1998,16,14,1266,14.1,0,0,0,0,0,0,3,0,0.7,0.7,0.6,1.4,15,54,15,0,0,0,0,0,0.05,0.05,0.1,0.05,0.1
556,Chris Wood,FW,Newcastle Utd,30,1991,18,4,446,5,2,0,2,1,1,1,0,0,1.8,1,0.3,1.3,1,4,23,0.4,0,0.4,0.2,0.2,0.37,0.06,0.43,0.21,0.27
557,Chris Wood,FW,Nott'ham Forest,30,1991,7,5,372,4.1,1,0,1,1,0,0,0,0,1,1,0.2,1.2,2,7,12,0.24,0,0.24,0.24,0.24,0.23,0.05,0.28,0.23,0.28
558,Joe Worrall,DF,Nott'ham Forest,25,1997,30,21,2224,24.7,1,0,1,1,0,0,6,0,0.8,0.8,0.8,1.6,5,67,1,0.04,0,0.04,0.04,0.04,0.03,0.03,0.06,0.03,0.06
559,Granit Xhaka,MF,Arsenal,29,1992,37,36,2993,33.3,7,7,14,7,0,0,4,0,4.7,4.7,5.2,9.9,42,196,175,0.21,0.21,0.42,0.21,0.42,0.14,0.16,0.3,0.14,0.3
560,Ryan Yates,MF,Nott'ham Forest,24,1997,26,21,1837,20.4,0,2,2,0,0,0,5,0,2.3,2.3,1.2,3.4,11,43,27,0,0.1,0.1,0,0.1,0.11,0.06,0.17,0.11,0.17
561,Ashley Young,DF,Aston Villa,37,1985,29,23,2036,22.6,1,0,1,1,0,0,7,0,0.5,0.5,1,1.4,29,107,33,0.04,0,0.04,0.04,0.04,0.02,0.04,0.06,0.02,0.06
562,Illia Zabarnyi,DF,Bournemouth,19,2002,5,3,299,3.3,0,0,0,0,0,0,0,0,0,0,0,0,1,11,0,0,0,0,0,0,0,0,0,0,0
563,Wilfried Zaha,"FW,MF",Crystal Palace,29,1992,27,27,2288,25.4,7,2,9,7,0,2,5,0,6.5,4.8,2.7,7.5,86,75,238,0.28,0.08,0.35,0.28,0.35,0.26,0.11,0.36,0.19,0.3
564,Denis Zakaria,MF,Chelsea,25,1996,7,5,411,4.6,0,0,0,0,0,0,0,0,0.2,0.2,0,0.2,9,6,3,0,0,0,0,0,0.04,0.01,0.05,0.04,0.05
565,Jordan Zemura,DF,Bournemouth,22,1999,19,17,1454,16.2,0,1,1,0,0,0,1,0,0.4,0.4,1.9,2.2,39,45,48,0,0.06,0.06,0,0.06,0.02,0.11,0.14,0.02,0.14
566,Oleksandr Zinchenko,DF,Arsenal,25,1996,27,26,2118,23.5,1,2,3,1,0,0,3,0,1.4,1.4,1.4,2.8,67,227,68,0.04,0.08,0.13,0.04,0.13,0.06,0.06,0.12,0.06,0.12
567,Hakim Ziyech,"FW,MF",Chelsea,29,1993,18,6,661,7.3,0,3,3,0,0,0,1,0,0.6,0.6,2.2,2.8,20,42,69,0,0.41,0.41,0,0.41,0.08,0.3,0.38,0.08,0.38
568,Kurt Zouma,DF,West Ham,27,1994,25,24,1989,22.1,2,0,2,2,0,0,0,0,2.2,2.2,0.1,2.3,3,31,1,0.09,0,0.09,0.09,0.09,0.1,0,0.1,0.1,0.1
569,Martin Ødegaard,MF,Arsenal,23,1998,37,37,3127,34.7,15,7,22,15,0,0,4,0,10,10,8.1,18.1,83,266,193,0.43,0.2,0.63,0.43,0.63,0.29,0.23,0.52,0.29,0.52
